﻿<?xml version="1.0" encoding="utf-8"?>
<PidParams>
  <Parameters>
    <Parameter id="0003" name="Fueling Mode" description="" DataType="UBYTE" bitmapped="False">
      <Conversion units="Raw" expression="x" format="0.00" />
    </Parameter>
    <Parameter id="0004" name="Engine Load" description="" DataType="UBYTE" bitmapped="False">
      <Conversion units="%" expression="(x/2.55)" format="0.00" />
      <Conversion units="Raw" expression="x" format="0.00" />
    </Parameter>
    <Parameter id="0005" name="ECT Sensor" description="" DataType="UBYTE" bitmapped="False">
      <Conversion units="°C" expression="(x-40)" format="0.00" />
      <Conversion units="°F" expression="(x-40) * 1.8 + 32.0" format="0.00" />
      <Conversion units="Raw" expression="x" format="0.00" />
    </Parameter>
    <Parameter id="0006" name="Short Term FT Left Bank" description="" DataType="UBYTE" bitmapped="False">
      <Conversion units="%" expression="(x-128)/1.28" format="0.00" />
      <Conversion units="Raw" expression="x" format="0.00" />
    </Parameter>
    <Parameter id="0007" name="Long Term FT Left Bank" description="" DataType="UBYTE" bitmapped="False">
      <Conversion units="%" expression="(x-128)/1.28" format="0.00" />
      <Conversion units="Raw" expression="x" format="0.00" />
    </Parameter>
    <Parameter id="0008" name="Short Term FT Right Bank" description="" DataType="UBYTE" bitmapped="False">
      <Conversion units="%" expression="(x-128)/1.28" format="0.00" />
      <Conversion units="Raw" expression="x" format="0.00" />
    </Parameter>
    <Parameter id="0009" name="Long Term FT Right Bank" description="" DataType="UBYTE" bitmapped="False">
      <Conversion units="%" expression="(x-128)/1.28" format="0.00" />
      <Conversion units="Raw" expression="x" format="0.00" />
    </Parameter>
    <Parameter id="000B" name="MAP Sensor" description="" DataType="UBYTE" bitmapped="False">
      <Conversion units="kPa" expression="x" format="0.00" />
      <Conversion units="Raw" expression="x" format="0.00" />
    </Parameter>
    <Parameter id="000C" name="Engine Speed" description="" DataType="UWORD" bitmapped="False">
      <Conversion units="RPM" expression="x*0.25" format="0.00" />
      <Conversion units="Raw" expression="x" format="0.00" />
    </Parameter>
    <Parameter id="000D" name="Vehicle Speed Sensor" description="" DataType="UBYTE" bitmapped="False">
      <Conversion units="kph" expression="x" format="0.00" />
      <Conversion units="mph" expression="(x*0.60934)" format="0.00" />
      <Conversion units="Raw" expression="x" format="0.00" />
    </Parameter>
    <Parameter id="000E" name="Ignition Timing" description="" DataType="UBYTE" bitmapped="False">
      <Conversion units="°" expression="(x/2)-64" format="0.00" />
      <Conversion units="Raw" expression="x" format="0.00" />
    </Parameter>
    <Parameter id="000F" name="IAT Sensor" description="" DataType="UBYTE" bitmapped="False">
      <Conversion units="°C" expression="(x-40)" format="0.00" />
      <Conversion units="°F" expression="((x-40) * 1.8 + 32.0)" format="0.00" />
      <Conversion units="Raw" expression="x" format="0.00" />
    </Parameter>
    <Parameter id="0010" name="MAF Sensor" description="" DataType="UWORD" bitmapped="False">
      <Conversion units="g/s" expression="(x/100)" format="0.00" />
      <Conversion units="Raw" expression="x" format="0.00" />
    </Parameter>
    <Parameter id="0011" name="Throttle Position" description="" DataType="UBYTE" bitmapped="False">
      <Conversion units="%" expression="(x*100)/255" format="0.00" />
      <Conversion units="Raw" expression="x" format="0.00" />
    </Parameter>
    <Parameter id="0012" name="Commanded Secondary Air" description="" DataType="UBYTE" bitmapped="False">
      <Conversion units="TBD" expression="x" format="0" />
      <Conversion units="Raw" expression="x" format="0.00" />
    </Parameter>
    <Parameter id="0013" name="O2 Sensor Configuration" description="" DataType="UBYTE" bitmapped="False">
      <Conversion units="Type #" expression="x" format="0" />
      <Conversion units="Raw" expression="x" format="0.00" />
    </Parameter>
    <Parameter id="0014" name="O2 Left Upstream" description="" DataType="SWORD" bitmapped="False">
      <Conversion units="Volts" expression="x" format="0" />
      <Conversion units="Raw" expression="x" format="0.00" />
    </Parameter>
    <Parameter id="0015" name="O2 Left Downstream" description="" DataType="SWORD" bitmapped="False">
      <Conversion units="Volts" expression="x" format="0" />
      <Conversion units="Raw" expression="x" format="0.00" />
    </Parameter>
    <Parameter id="0016" name="Secondary Position" description="" DataType="UBYTE" bitmapped="False">
      <Conversion units="Degrees" expression="x" format="0" />
      <Conversion units="Raw" expression="x" format="0.00" />
    </Parameter>
    <Parameter id="0017" name="Secondary Velocity" description="" DataType="UBYTE" bitmapped="False">
      <Conversion units="Deg/Sec" expression="x" format="0" />
      <Conversion units="Raw" expression="x" format="0.00" />
    </Parameter>
    <Parameter id="0018" name="O2 Right Upstream" description="" DataType="SWORD" bitmapped="False">
      <Conversion units="Volts" expression="x" format="0" />
      <Conversion units="Raw" expression="x" format="0.00" />
    </Parameter>
    <Parameter id="0019" name="O2 Right Downstream" description="" DataType="SWORD" bitmapped="False">
      <Conversion units="Volts" expression="x" format="0" />
      <Conversion units="Raw" expression="x" format="0.00" />
    </Parameter>
    <Parameter id="1100" name="A/C Relay Command" description="" DataType="UBYTE" bitmapped="True" bitIndex="3">
      <Conversion units="Boolean" expression="On,Off" format="" />
      <Conversion units="Raw" expression="," format="0.00" />
    </Parameter>
    <Parameter id="1100" name="A/C Request Signal" description="" DataType="UBYTE" bitmapped="True" bitIndex="0">
      <Conversion units="Boolean" expression="On,Off" format="" />
      <Conversion units="Raw" expression="," format="0.00" />
    </Parameter>
    <Parameter id="1100" name="A/C Clutch Feedback Signal" description="" DataType="UBYTE" bitmapped="True" bitIndex="1">
      <Conversion units="Boolean" expression="On,Off" format="" />
      <Conversion units="Raw" expression="," format="0.00" />
    </Parameter>
    <Parameter id="1100" name="PCM Reset" description="" DataType="UBYTE" bitmapped="True" bitIndex="2">
      <Conversion units="Boolean" expression="True,False" format="" />
      <Conversion units="Raw" expression="," format="0.00" />
    </Parameter>
    <Parameter id="1100" name="GEN L-Terminal Signal Command" description="" DataType="UBYTE" bitmapped="True" bitIndex="7">
      <Conversion units="Boolean" expression="True,False" format="" />
      <Conversion units="Raw" expression="," format="0.00" />
    </Parameter>
    <Parameter id="1101" name="EVAP Vent Solenoid Command" description="" DataType="UBYTE" bitmapped="True" bitIndex="1">
      <Conversion units="Boolean" expression="On,Off" format="" />
      <Conversion units="Raw" expression="," format="0.00" />
    </Parameter>
    <Parameter id="1102" name="VTD Fuel Disable" description="" DataType="UBYTE" bitmapped="True" bitIndex="1">
      <Conversion units="Boolean" expression="Enable,Disable" format="" />
      <Conversion units="Raw" expression="," format="0.00" />
    </Parameter>
    <Parameter id="1102" name="TCC Enable Solenoid Command" description="" DataType="UBYTE" bitmapped="True" bitIndex="2">
      <Conversion units="Boolean" expression="On,Off" format="" />
      <Conversion units="Raw" expression="," format="0.00" />
    </Parameter>
    <Parameter id="1102" name="Traction Control Status" description="" DataType="UBYTE" bitmapped="True" bitIndex="0">
      <Conversion units="Boolean" expression="Active,Inactive" format="" />
      <Conversion units="Raw" expression="," format="0.00" />
    </Parameter>
    <Parameter id="1102" name="Powertrain Induced Chassis Pitch Command" description="" DataType="UBYTE" bitmapped="True" bitIndex="5">
      <Conversion units="Boolean" expression="Active,Inactive" format="" />
      <Conversion units="Raw" expression="," format="0.00" />
    </Parameter>
    <Parameter id="1102" name="Extended Travel Brake Pedal Switch" description="" DataType="UBYTE" bitmapped="True" bitIndex="6">
      <Conversion units="Boolean" expression="On,Off" format="" />
      <Conversion units="Raw" expression="," format="0.00" />
    </Parameter>
    <Parameter id="1102" name="TCC/Cruise Brake Pedal Switch" description="" DataType="UBYTE" bitmapped="True" bitIndex="3">
      <Conversion units="Boolean" expression="On,Off" format="" />
      <Conversion units="Raw" expression="," format="0.00" />
    </Parameter>
    <Parameter id="1103" name="Reduced Engine Power" description="" DataType="UBYTE" bitmapped="True" bitIndex="7">
      <Conversion units="Boolean" expression="Reduced,Normal" format="" />
      <Conversion units="Raw" expression="," format="0.00" />
    </Parameter>
    <Parameter id="1103" name="Engine Oil Level Switch" description="" DataType="UBYTE" bitmapped="True" bitIndex="5">
      <Conversion units="Boolean" expression="Low,Normal" format="" />
      <Conversion units="Raw" expression="," format="0.00" />
    </Parameter>
    <Parameter id="1103" name="MIL Command" description="" DataType="UBYTE" bitmapped="True" bitIndex="1">
      <Conversion units="Boolean" expression="On,Off" format="" />
      <Conversion units="Raw" expression="," format="0.00" />
    </Parameter>
    <Parameter id="1104" name="Cruise Control Active" description="" DataType="UBYTE" bitmapped="True" bitIndex="4">
      <Conversion units="Boolean" expression="Active,Inactive" format="" />
      <Conversion units="Raw" expression="," format="0.00" />
    </Parameter>
    <Parameter id="1104" name="DTC Set This Ignition" description="" DataType="UBYTE" bitmapped="True" bitIndex="2">
      <Conversion units="Boolean" expression="Set,Not Set" format="" />
      <Conversion units="Raw" expression="," format="0.00" />
    </Parameter>
    <Parameter id="1104" name="AIR Solenoid Command " description="" DataType="UBYTE" bitmapped="True" bitIndex="1">
      <Conversion units="Boolean" expression="On,Off" format="" />
      <Conversion units="Raw" expression="," format="0.00" />
    </Parameter>
    <Parameter id="1104" name="AIR Pump Relay Command " description="" DataType="UBYTE" bitmapped="True" bitIndex="0">
      <Conversion units="Boolean" expression="On,Off" format="" />
      <Conversion units="Raw" expression="," format="0.00" />
    </Parameter>
    <Parameter id="1105" name="Loop Status" description="" DataType="UBYTE" bitmapped="True" bitIndex="0">
      <Conversion units="Boolean" expression="Open,Closed" format="" />
      <Conversion units="Raw" expression="," format="0.00" />
    </Parameter>
    <Parameter id="1105" name="Decel" description="" DataType="UBYTE" bitmapped="True" bitIndex="7">
      <Conversion units="Boolean" expression="Active,Inactive" format="" />
      <Conversion units="Raw" expression="," format="0.00" />
    </Parameter>
    <Parameter id="1105" name="Fuel Trim Learn" description="" DataType="UBYTE" bitmapped="True" bitIndex="5">
      <Conversion units="Boolean" expression="Active,Inactive" format="" />
      <Conversion units="Raw" expression="," format="0.00" />
    </Parameter>
    <Parameter id="1105" name="Cold Startup" description="" DataType="UBYTE" bitmapped="True" bitIndex="6">
      <Conversion units="Boolean" expression="Yes,No" format="" />
      <Conversion units="Raw" expression="," format="0.00" />
    </Parameter>
    <Parameter id="1106" name="FC Relay 1 Command" description="" DataType="UBYTE" bitmapped="True" bitIndex="0">
      <Conversion units="Boolean" expression="On,Off" format="" />
      <Conversion units="Raw" expression="," format="0.00" />
    </Parameter>
    <Parameter id="1106" name="FC Relay 2 and 3 Command" description="" DataType="UBYTE" bitmapped="True" bitIndex="1">
      <Conversion units="Boolean" expression="On,Off" format="" />
      <Conversion units="Raw" expression="," format="0.00" />
    </Parameter>
    <Parameter id="1107" name="Throttle Status" description="" DataType="UBYTE" bitmapped="False">
      <Conversion units="Bitmap" expression="x" format="0" />
      <Conversion units="Raw" expression="x" format="0.00" />
    </Parameter>
    <Parameter id="1108" name="Pending 1" description="" DataType="UBYTE" bitmapped="False">
      <Conversion units="Raw" expression="x" format="0" />
    </Parameter>
    <Parameter id="1109" name="Pending 2" description="" DataType="UBYTE" bitmapped="False">
      <Conversion units="Raw" expression="x" format="0" />
    </Parameter>
    <Parameter id="110A" name="Pending 3" description="" DataType="UBYTE" bitmapped="False">
      <Conversion units="Raw" expression="x" format="0" />
    </Parameter>
    <Parameter id="110B" name="TBD" description="" DataType="UBYTE" bitmapped="False">
      <Conversion units="Raw" expression="x" format="0" />
    </Parameter>
    <Parameter id="110C" name="QDASR 0" description="" DataType="UBYTE" bitmapped="False">
      <Conversion units="Raw" expression="x" format="0" />
    </Parameter>
    <Parameter id="110D" name="QDASR 1" description="" DataType="UBYTE" bitmapped="False">
      <Conversion units="Raw" expression="x" format="0" />
    </Parameter>
    <Parameter id="110E" name="QDASR 2" description="" DataType="UBYTE" bitmapped="False">
      <Conversion units="Raw" expression="x" format="0" />
    </Parameter>
    <Parameter id="110F" name="MWSPIN2" description="" DataType="UBYTE" bitmapped="False">
      <Conversion units="Raw" expression="x" format="0" />
    </Parameter>
    <Parameter id="1110" name="1110 Undefined" description="" DataType="UBYTE" bitmapped="False">
      <Conversion units="Raw" expression="x" format="0" />
    </Parameter>
    <Parameter id="1111" name="TBD Sw" description="" DataType="UBYTE" bitmapped="True" bitIndex="0">
      <Conversion units="Boolean" expression="On,Off" format="" />
      <Conversion units="Raw" expression="," format="0.00" />
    </Parameter>
    <Parameter id="1112" name="TFP Sw" description="" DataType="UBYTE" bitmapped="True" bitIndex="0">
      <Conversion units="Boolean" expression="On,Off" format="" />
      <Conversion units="Raw" expression="," format="0.00" />
    </Parameter>
    <Parameter id="1113" name="TR Sw" description="" DataType="UBYTE" bitmapped="True" bitIndex="0">
      <Conversion units="Boolean" expression="On,Off" format="" />
      <Conversion units="Raw" expression="," format="0.00" />
    </Parameter>
    <Parameter id="1115" name="TAC/PCM Communication Signal" description="" DataType="UBYTE" bitmapped="True" bitIndex="7">
      <Conversion units="Boolean" expression="Good,Bad" format="" />
      <Conversion units="Raw" expression="," format="0.00" />
    </Parameter>
    <Parameter id="1116" name="Cruise Resume/Accel" description="" DataType="UBYTE" bitmapped="True" bitIndex="6">
      <Conversion units="Boolean" expression="Presed,Relased" format="" />
      <Conversion units="Raw" expression="," format="0.00" />
    </Parameter>
    <Parameter id="1116" name="Cruise Set/Coast Switch" description="" DataType="UBYTE" bitmapped="True" bitIndex="5">
      <Conversion units="Boolean" expression="Pressed,Released" format="" />
      <Conversion units="Raw" expression="," format="0.00" />
    </Parameter>
    <Parameter id="1116" name="Cruise On/Off Switch" description="" DataType="UBYTE" bitmapped="True" bitIndex="4">
      <Conversion units="Boolean" expression="On,Off" format="" />
      <Conversion units="Raw" expression="," format="0.00" />
    </Parameter>
    <Parameter id="1116" name="APP Sensor 1 and 2" description="" DataType="UBYTE" bitmapped="True" bitIndex="0">
      <Conversion units="Boolean" expression="True,False" format="" />
      <Conversion units="Raw" expression="," format="0.00" />
    </Parameter>
    <Parameter id="1116" name="Stoplamp Pedal Switch" description="" DataType="UBYTE" bitmapped="True" bitIndex="7">
      <Conversion units="Boolean" expression="On,Off" format="" />
      <Conversion units="Raw" expression="," format="0.00" />
    </Parameter>
    <Parameter id="1116" name="TP Sensors 1 and 2" description="" DataType="UBYTE" bitmapped="True" bitIndex="3">
      <Conversion units="Boolean" expression="True,False" format="" />
      <Conversion units="Raw" expression="," format="0.00" />
    </Parameter>
    <Parameter id="1116" name="APP Sensor 1 and 3" description="" DataType="UBYTE" bitmapped="True" bitIndex="1">
      <Conversion units="Boolean" expression="True,False" format="" />
      <Conversion units="Raw" expression="," format="0.00" />
    </Parameter>
    <Parameter id="1116" name="APP Sensor 2 and 3" description="" DataType="UBYTE" bitmapped="True" bitIndex="2">
      <Conversion units="Boolean" expression="True,False" format="" />
      <Conversion units="Raw" expression="," format="0.00" />
    </Parameter>
    <Parameter id="1140" name="MAF (high precision)" description="" DataType="UWORD" bitmapped="False">
      <Conversion units="g/sec" expression="x*(512/65536)" format="0.00" />
      <Conversion units="Raw" expression="x" format="0.00" />
    </Parameter>
    <Parameter id="1141" name="Ignition 1 Signal" description="" DataType="UBYTE" bitmapped="False">
      <Conversion units="Volts" expression="(x/10)" format="0.00" />
      <Conversion units="Raw" expression="x" format="0.00" />
    </Parameter>
    <Parameter id="1142" name="MAP Sensor" description="" DataType="UBYTE" bitmapped="False">
      <Conversion units="Volts" expression="(x/51)" format="0.00" />
      <Conversion units="Raw" expression="x" format="0.00" />
    </Parameter>
    <Parameter id="1143" name="TP Sensor" description="" DataType="UBYTE" bitmapped="False">
      <Conversion units="Volts" expression="(x/51)" format="0.00" />
      <Conversion units="Raw" expression="x" format="0.00" />
    </Parameter>
    <Parameter id="1144" name="A/C Wideband A/F Ratio" description="" DataType="UBYTE" bitmapped="False">
      <Conversion units=":1" expression="((x/51.00) /.5) +9.58" format="0.00" />
      <Conversion units="Raw" expression="x" format="0.00" />
    </Parameter>
    <Parameter id="1144" name="A/C High Side Pressure Sensor" description="" DataType="UBYTE" bitmapped="False">
      <Conversion units="Volts" expression="(x/51)" format="0.00" />
      <Conversion units="Kpa" expression="((x*1.833)-14.95)*6.895" format="0.00" />
      <Conversion units="Raw" expression="x" format="0.00" />
    </Parameter>
    <Parameter id="1145" name="O2 Left Front" description="" DataType="UBYTE" bitmapped="False">
      <Conversion units="mV" expression="(x/0.2304)" format="0.00" />
      <Conversion units="Raw" expression="x" format="0.00" />
    </Parameter>
    <Parameter id="1146" name="O2 Left Rear" description="" DataType="UBYTE" bitmapped="False">
      <Conversion units="mV" expression="(x/0.2304)" format="0.00" />
      <Conversion units="Raw" expression="x" format="0.00" />
    </Parameter>
    <Parameter id="1148" name="O2 Right Front" description="" DataType="UBYTE" bitmapped="False">
      <Conversion units="mV" expression="(x/0.2304)" format="0.00" />
      <Conversion units="Raw" expression="x" format="0.00" />
    </Parameter>
    <Parameter id="1149" name="O2 Right Rear" description="" DataType="UBYTE" bitmapped="False">
      <Conversion units="mV" expression="(x/0.2304)" format="0.00" />
      <Conversion units="Raw" expression="x" format="0.00" />
    </Parameter>
    <Parameter id="114B" name="EGR Sensor" description="" DataType="UBYTE" bitmapped="False">
      <Conversion units="Volts?" expression="x/51" format="0.00" />
      <Conversion units="Raw" expression="x" format="0.00" />
    </Parameter>
    <Parameter id="114B" name="EGR Wideband A/F Ratio" description="" DataType="UBYTE" bitmapped="False">
      <Conversion units=":1" expression="((x/51.00) /.5) +9.58" format="0.00" />
      <Conversion units="Raw" expression="x" format="0.00" />
    </Parameter>
    <Parameter id="114D" name="GEN F-Terminal Signal" description="" DataType="UBYTE" bitmapped="False">
      <Conversion units="%" expression="(x/2.55)" format="0.00" />
      <Conversion units="Raw" expression="x" format="0.00" />
    </Parameter>
    <Parameter id="114E" name="Fuel Tank Pressure Sensor" description="" DataType="UBYTE" bitmapped="False">
      <Conversion units="Volts" expression="(x/51)" format="0.00" />
      <Conversion units="Raw" expression="x" format="0.00" />
    </Parameter>
    <Parameter id="1151" name="Accelerator Pedal" description="" DataType="UBYTE" bitmapped="False">
      <Conversion units="Percent" expression="(x * (100 / 256))" format="0" />
      <Conversion units="Raw" expression="x" format="0.00" />
    </Parameter>
    <Parameter id="1155" name="Fuel Level Sensor Left Tank" description="" DataType="UBYTE" bitmapped="False">
      <Conversion units="Volts" expression="(x/51)" format="0.00" />
      <Conversion units="Raw" expression="x" format="0.00" />
    </Parameter>
    <Parameter id="115C" name="Engine Oil Pressure" description="" DataType="UBYTE" bitmapped="False">
      <Conversion units="Volts" expression="(x/51)" format="0.00" />
      <Conversion units="kpa" expression="(x * 4.326) - 110.313" format="0.00" />
      <Conversion units="Raw" expression="x" format="0.00" />
    </Parameter>
    <Parameter id="115C" name="Engine Oil Pressure Sensor" description="" DataType="UBYTE" bitmapped="False">
      <Conversion units="Kpa" expression="((x*4.34)-104.2)" format="0.00" />
      <Conversion units="Raw" expression="x" format="0.00" />
    </Parameter>
    <Parameter id="115E" name="Cam Sensor" description="" DataType="UBYTE" bitmapped="False">
      <Conversion units="Raw" expression="x" format="0" />
    </Parameter>
    <Parameter id="116F" name="Start Up ECT" description="" DataType="UBYTE" bitmapped="False">
      <Conversion units="°C" expression="(x-40)" format="0.00" />
      <Conversion units="Raw" expression="x" format="0.00" />
    </Parameter>
    <Parameter id="1170" name="EVAP Purge Solenoid Command" description="" DataType="UBYTE" bitmapped="False">
      <Conversion units="%" expression="(x/2.55)" format="0.00" />
      <Conversion units="Raw" expression="x" format="0.00" />
    </Parameter>
    <Parameter id="1171" name="EGR Duty Cycle" description="" DataType="UBYTE" bitmapped="False">
      <Conversion units="%" expression="(x/2.55)" format="0.00" />
      <Conversion units="Raw" expression="x" format="0.00" />
    </Parameter>
    <Parameter id="1176" name="Learned IAC Position" description="" DataType="UBYTE" bitmapped="False">
      <Conversion units="Steps" expression="x" format="0" />
      <Conversion units="Raw" expression="x" format="0.00" />
    </Parameter>
    <Parameter id="1179" name="Current IAC Position" description="" DataType="UBYTE" bitmapped="False">
      <Conversion units="Steps" expression="x" format="0" />
      <Conversion units="Raw" expression="x" format="0.00" />
    </Parameter>
    <Parameter id="1190" name="Fuel Trim Cell" description="" DataType="UBYTE" bitmapped="False">
      <Conversion units="Boolean" expression="x" format="0.00" />
      <Conversion units="Raw" expression="x" format="0.00" />
    </Parameter>
    <Parameter id="1192" name="Desired Idle Speed" description="" DataType="UBYTE" bitmapped="False">
      <Conversion units="RPM" expression="(x*12.5)" format="0.00" />
      <Conversion units="Raw" expression="x" format="0.00" />
    </Parameter>
    <Parameter id="119D" name="Barometric Pressure (sampled)" description="" DataType="UBYTE" bitmapped="False">
      <Conversion units="kPa" expression="(x+28)/2.71" format="0.00" />
      <Conversion units="Raw" expression="x" format="0.00" />
    </Parameter>
    <Parameter id="119E" name="Target A/F Ratio" description="" DataType="UBYTE" bitmapped="False">
      <Conversion units=":1" expression="(x/10)" format="0.00" />
      <Conversion units="Raw" expression="x" format="0.00" />
    </Parameter>
    <Parameter id="119F" name="Engine Oil Life Remaining" description="" DataType="UBYTE" bitmapped="False">
      <Conversion units="%" expression="(x/2.55+0.5)" format="0.00" />
      <Conversion units="Raw" expression="x" format="0.00" />
    </Parameter>
    <Parameter id="11A1" name="Engine Run Time" description="" DataType="UWORD" bitmapped="False">
      <Conversion units="Minutes" expression="x/60" format="0" />
      <Conversion units="Raw" expression="x" format="0.00" />
    </Parameter>
    <Parameter id="11A3" name="Calculated Cat Temp" description="" DataType="UBYTE" bitmapped="False">
      <Conversion units="C" expression="x * 2050/256" format="0" />
      <Conversion units="Raw" expression="x" format="0.00" />
    </Parameter>
    <Parameter id="11A6" name="Knock Retard" description="" DataType="UBYTE" bitmapped="False">
      <Conversion units="°" expression="(x*0.0879)" format="0.00" />
      <Conversion units="Raw" expression="x" format="0.00" />
    </Parameter>
    <Parameter id="11BD" name="EGR Test Count" description="" DataType="UBYTE" bitmapped="False">
      <Conversion units="Raw" expression="x" format="0" />
    </Parameter>
    <Parameter id="11EA" name="Misfire Current Cyl 5" description="" DataType="UBYTE" bitmapped="False">
      <Conversion units="Boolean" expression="x" format="0.00" />
      <Conversion units="Raw" expression="x" format="0.00" />
    </Parameter>
    <Parameter id="11EB" name="Misfire Current Cyl 6" description="" DataType="UBYTE" bitmapped="False">
      <Conversion units="Boolean" expression="x" format="0.00" />
      <Conversion units="Raw" expression="x" format="0.00" />
    </Parameter>
    <Parameter id="11EC" name="Misfire Current Cyl 7" description="" DataType="UBYTE" bitmapped="False">
      <Conversion units="Boolean" expression="x" format="0.00" />
      <Conversion units="Raw" expression="x" format="0.00" />
    </Parameter>
    <Parameter id="11ED" name="Misfire Current Cyl 8" description="" DataType="UBYTE" bitmapped="False">
      <Conversion units="Boolean" expression="x" format="0" />
      <Conversion units="Raw" expression="x" format="0.00" />
    </Parameter>
    <Parameter id="11F8" name="Misfire History Cyl 5" description="" DataType="UWORD" bitmapped="False">
      <Conversion units="Raw" expression="x" format="0" />
    </Parameter>
    <Parameter id="11F9" name="Misfire History Cyl 6" description="" DataType="UWORD" bitmapped="False">
      <Conversion units="Raw" expression="x" format="0" />
    </Parameter>
    <Parameter id="11FA" name="Misfire History Cyl 7" description="" DataType="UWORD" bitmapped="False">
      <Conversion units="Raw" expression="x" format="0" />
    </Parameter>
    <Parameter id="11FB" name="Misfire History Cyl 8" description="" DataType="UWORD" bitmapped="False">
      <Conversion units="Raw" expression="x" format="0" />
    </Parameter>
    <Parameter id="1200" name="Misfire Total count" description="" DataType="UBYTE" bitmapped="False">
      <Conversion units="Raw" expression="x" format="0" />
    </Parameter>
    <Parameter id="1201" name="Misfire History Cyl 1" description="" DataType="UWORD" bitmapped="False">
      <Conversion units="Raw" expression="x" format="0" />
    </Parameter>
    <Parameter id="1202" name="Misfire History Cyl 2" description="" DataType="UWORD" bitmapped="False">
      <Conversion units="Raw" expression="x" format="0" />
    </Parameter>
    <Parameter id="1203" name="Misfire History Cyl 3" description="" DataType="UWORD" bitmapped="False">
      <Conversion units="Boolean" expression="x" format="0" />
      <Conversion units="Raw" expression="x" format="0.00" />
    </Parameter>
    <Parameter id="1204" name="Misfire History Cyl 4" description="" DataType="UWORD" bitmapped="False">
      <Conversion units="Raw" expression="x" format="0" />
    </Parameter>
    <Parameter id="1205" name="Misfire Current Cyl 1" description="" DataType="UBYTE" bitmapped="False">
      <Conversion units="Raw" expression="x" format="0" />
    </Parameter>
    <Parameter id="1206" name="Misfire Current Cyl 2" description="" DataType="UBYTE" bitmapped="False">
      <Conversion units="Raw" expression="x" format="0" />
    </Parameter>
    <Parameter id="1207" name="Misfire Current Cyl 3" description="" DataType="UBYTE" bitmapped="False">
      <Conversion units="Raw" expression="x" format="0" />
    </Parameter>
    <Parameter id="1208" name="Misfire Current Cyl 4" description="" DataType="UBYTE" bitmapped="False">
      <Conversion units="Raw" expression="x" format="0" />
    </Parameter>
    <Parameter id="120A" name="Short Term FT Avg" description="" DataType="UBYTE" bitmapped="False">
      <Conversion units="%" expression="(x-128)/1.28" format="0.00" />
      <Conversion units="Raw" expression="x" format="0.00" />
    </Parameter>
    <Parameter id="120B" name="Long Term FT Avg" description="" DataType="UBYTE" bitmapped="False">
      <Conversion units="%" expression="(x-128)/1.28" format="0.00" />
      <Conversion units="Raw" expression="x" format="0.00" />
    </Parameter>
    <Parameter id="120C" name="Short Term FT Avg" description="" DataType="UBYTE" bitmapped="False">
      <Conversion units="%" expression="(x-128)/1.28" format="0.00" />
      <Conversion units="Raw" expression="x" format="0.00" />
    </Parameter>
    <Parameter id="1227" name="Total Misfire Fail" description="" DataType="UWORD" bitmapped="False">
      <Conversion units="Raw" expression="x" format="0" />
    </Parameter>
    <Parameter id="1228" name="Total Misfire Pass" description="" DataType="UWORD" bitmapped="False">
      <Conversion units="Raw" expression="x" format="0" />
    </Parameter>
    <Parameter id="122A" name="Cycles of Misfire Data" description="" DataType="UBYTE" bitmapped="False">
      <Conversion units="Boolean" expression="x" format="0.00" />
      <Conversion units="Raw" expression="x" format="0.00" />
    </Parameter>
    <Parameter id="1232" name="Warm-ups w/o Emission Faults" description="" DataType="UBYTE" bitmapped="False">
      <Conversion units="Boolean" expression="x" format="0.00" />
      <Conversion units="Raw" expression="x" format="0.00" />
    </Parameter>
    <Parameter id="1233" name="Warm-ups w/o Non-Emission Faults" description="" DataType="UBYTE" bitmapped="False">
      <Conversion units="Boolean" expression="x" format="0.00" />
      <Conversion units="Raw" expression="x" format="0.00" />
    </Parameter>
    <Parameter id="1234" name="Mileage Since DTC Cleared" description="" DataType="UWORD" bitmapped="False">
      <Conversion units="km" expression="(x*5)" format="0.00" />
      <Conversion units="Raw" expression="x" format="0.00" />
    </Parameter>
    <Parameter id="123A" name="Long Term FT Avg" description="" DataType="UBYTE" bitmapped="False">
      <Conversion units="%" expression="(x-128)/1.28" format="0.00" />
      <Conversion units="Raw" expression="x" format="0.00" />
    </Parameter>
    <Parameter id="1250" name="MAF Sensor Frequency" description="" DataType="UWORD" bitmapped="False">
      <Conversion units="Hz" expression="(x/2.048)" format="0.00" />
      <Conversion units="Raw" expression="x" format="0.00" />
    </Parameter>
    <Parameter id="125A" name="Injector PWM Left Bank Average" description="" DataType="UWORD" bitmapped="False">
      <Conversion units="ms" expression="(x/65.535)" format="0.00" />
      <Conversion units="Raw" expression="x" format="0.00" />
    </Parameter>
    <Parameter id="125B" name="Injector PWM Right Bank Average" description="" DataType="UWORD" bitmapped="False">
      <Conversion units="ms" expression="(x/65.535)" format="0.00" />
      <Conversion units="Raw" expression="x" format="0.00" />
    </Parameter>
    <Parameter id="125D" name="Knock Retard" description="" DataType="UBYTE" bitmapped="False">
      <Conversion units="Raw" expression="x-128" format="0" />
    </Parameter>
    <Parameter id="125E" name="Knock Count" description="" DataType="UBYTE" bitmapped="False">
      <Conversion units="Raw" expression="x" format="0" />
    </Parameter>
    <Parameter id="125F" name="Delta Bearing" description="" DataType="UBYTE" bitmapped="False">
      <Conversion units="Raw" expression="x" format="0" />
    </Parameter>
    <Parameter id="125B" name="Injector PWM Bank 2 Average" description="" DataType="UWORD" bitmapped="False">
      <Conversion units="ms" expression="(x/65.535)" format="0.00" />
      <Conversion units="Raw" expression="x" format="0.00" />
    </Parameter>
    <Parameter id="12B0" name="Accelerator Pedal Position" description="" DataType="UBYTE" bitmapped="False">
      <Conversion units="%" expression="x / 1.11" format="0.00" />
      <Conversion units="Raw" expression="x" format="0.00" />
    </Parameter>
    <Parameter id="12B1" name="TP Indicated Angle" description="" DataType="UWORD" bitmapped="False">
      <Conversion units="%" expression="(x*5/256)" format="0.00" />
      <Conversion units="Raw" expression="x" format="0.00" />
    </Parameter>
    <Parameter id="12B4" name="APP Sensor 1" description="" DataType="UBYTE" bitmapped="False">
      <Conversion units="%" expression="x" format="0.00" />
      <Conversion units="Raw" expression="x" format="0.00" />
    </Parameter>
    <Parameter id="12B5" name="APP Sensor 2" description="" DataType="UBYTE" bitmapped="False">
      <Conversion units="%" expression="x" format="0.00" />
      <Conversion units="Raw" expression="x" format="0.00" />
    </Parameter>
    <Parameter id="12B6" name="APP Sensor 3" description="" DataType="UBYTE" bitmapped="False">
      <Conversion units="%" expression="x" format="0.00" />
      <Conversion units="Raw" expression="x" format="0.00" />
    </Parameter>
    <Parameter id="12B7" name="TP Sensor 1" description="" DataType="UBYTE" bitmapped="False">
      <Conversion units="%" expression="x" format="0.00" />
      <Conversion units="Raw" expression="x" format="0.00" />
    </Parameter>
    <Parameter id="12B8" name="TP Sensor 2" description="" DataType="UBYTE" bitmapped="False">
      <Conversion units="%" expression="x" format="0.00" />
      <Conversion units="Raw" expression="x" format="0.00" />
    </Parameter>
    <Parameter id="12B9" name="TP Sensor 2" description="" DataType="UBYTE" bitmapped="False">
      <Conversion units="Volt" expression="(x/51)" format="0.00" />
      <Conversion units="Raw" expression="x" format="0.00" />
    </Parameter>
    <Parameter id="12BA" name="TP Sensor 1" description="" DataType="UBYTE" bitmapped="False">
      <Conversion units="Volt" expression="(x/51)" format="0.00" />
      <Conversion units="Raw" expression="x" format="0.00" />
    </Parameter>
    <Parameter id="12BB" name="APP Sensor 3" description="" DataType="UBYTE" bitmapped="False">
      <Conversion units="Volt" expression="(x/51)" format="0.00" />
      <Conversion units="Raw" expression="x" format="0.00" />
    </Parameter>
    <Parameter id="12BC" name="APP Sensor 2" description="" DataType="UBYTE" bitmapped="False">
      <Conversion units="Volt" expression="(x/51)" format="0.00" />
      <Conversion units="Raw" expression="x" format="0.00" />
    </Parameter>
    <Parameter id="12BD" name="APP Sensor 1" description="" DataType="UBYTE" bitmapped="False">
      <Conversion units="Volt" expression="(x/51)" format="0.00" />
      <Conversion units="Raw" expression="x" format="0.00" />
    </Parameter>
    <Parameter id="12C5" name="Fuel Level" description="" DataType="UBYTE" bitmapped="False">
      <Conversion units="%" expression="x / 2.55" format="0" />
      <Conversion units="Raw" expression="x" format="0.00" />
    </Parameter>
    <Parameter id="12E3" name="Fuel Tank Pressure Sensor" description="" DataType="UBYTE" bitmapped="False">
      <Conversion units="mmHg" expression="-((x/5.46)-13.995)" format="0.00" />
      <Conversion units="Raw" expression="x" format="0.00" />
    </Parameter>
    <Parameter id="12EE" name="VTD Fuel Disable Until Ign" description="" DataType="UBYTE" bitmapped="True" bitIndex="2">
      <Conversion units="Boolean" expression="True,False" format="" />
      <Conversion units="Raw" expression="," format="0.00" />
    </Parameter>
    <Parameter id="12EE" name="VTD Auto" description="" DataType="UBYTE" bitmapped="True" bitIndex="3">
      <Conversion units="Boolean" expression="True,False" format="" />
      <Conversion units="Raw" expression="," format="0.00" />
    </Parameter>
    <Parameter id="12EE" name="PCM/VCM in VTD Fail Enable" description="" DataType="UBYTE" bitmapped="True" bitIndex="4">
      <Conversion units="Boolean" expression="True,False" format="" />
      <Conversion units="Raw" expression="," format="0.00" />
    </Parameter>
    <Parameter id="12F3" name="Ethanol Content" description="" DataType="UBYTE" bitmapped="False">
      <Conversion units="%" expression="x/2.55" format="0" />
      <Conversion units="Raw" expression="x" format="0.00" />
    </Parameter>
    <Parameter id="12F7" name="Desired IAC Position" description="" DataType="UBYTE" bitmapped="False">
      <Conversion units="Counts" expression="x" format="0.00" />
      <Conversion units="Raw" expression="x" format="0.00" />
    </Parameter>
    <Parameter id="1315" name="Cruise Disengage 1 History" description="" DataType="UBYTE" bitmapped="False">
      <Conversion units="Boolean" expression="x" format="0.00" />
      <Conversion units="Raw" expression="x" format="0.00" />
    </Parameter>
    <Parameter id="1316" name="Cruise Disengage 2 History" description="" DataType="UBYTE" bitmapped="False">
      <Conversion units="Boolean" expression="x" format="0.00" />
      <Conversion units="Raw" expression="x" format="0.00" />
    </Parameter>
    <Parameter id="1317" name="Cruise Disengage 3 History" description="" DataType="UBYTE" bitmapped="False">
      <Conversion units="Boolean" expression="x" format="0.00" />
      <Conversion units="Raw" expression="x" format="0.00" />
    </Parameter>
    <Parameter id="1318" name="Cruise Disengage 4 History" description="" DataType="UBYTE" bitmapped="False">
      <Conversion units="Boolean" expression="x" format="0.00" />
      <Conversion units="Raw" expression="x" format="0.00" />
    </Parameter>
    <Parameter id="1319" name="Cruise Disengage 5 History" description="" DataType="UBYTE" bitmapped="False">
      <Conversion units="Boolean" expression="x" format="0.00" />
      <Conversion units="Raw" expression="x" format="0.00" />
    </Parameter>
    <Parameter id="131A" name="Cruise Disengage 6 History" description="" DataType="UBYTE" bitmapped="False">
      <Conversion units="Boolean" expression="x" format="0.00" />
      <Conversion units="Raw" expression="x" format="0.00" />
    </Parameter>
    <Parameter id="131B" name="Cruise Disengage 7 History" description="" DataType="UBYTE" bitmapped="False">
      <Conversion units="Boolean" expression="x" format="0.00" />
      <Conversion units="Raw" expression="x" format="0.00" />
    </Parameter>
    <Parameter id="131C" name="Cruise Disengage 8 History" description="" DataType="UBYTE" bitmapped="False">
      <Conversion units="Boolean" expression="x" format="0.00" />
      <Conversion units="Raw" expression="x" format="0.00" />
    </Parameter>
    <Parameter id="131D" name="Fuel Tank Rated Capacity" description="" DataType="UWORD" bitmapped="False">
      <Conversion units="Liters" expression="(x/64)" format="0.00" />
      <Conversion units="Raw" expression="x" format="0.00" />
    </Parameter>
    <Parameter id="131E" name="TP Desired Angle" description="" DataType="UWORD" bitmapped="False">
      <Conversion units="%" expression="(x*5/256)" format="0.00" />
      <Conversion units="Raw" expression="x" format="0.00" />
    </Parameter>
    <Parameter id="131F" name="APP Indicated Angle" description="" DataType="UWORD" bitmapped="False">
      <Conversion units="%" expression="(x*5/256)" format="0.00" />
      <Conversion units="Raw" expression="x" format="0.00" />
    </Parameter>
    <Parameter id="132A" name="Fuel Tank Level Remaining (Unsupported)" description="" DataType="UWORD" bitmapped="False">
      <Conversion units="%" expression="x/100" format="0.00" />
      <Conversion units="Raw" expression="x" format="0.00" />
    </Parameter>
    <Parameter id="132A" name="Fuel Tank Level Remaining" description="" DataType="UWORD" bitmapped="False">
      <Conversion units="Liters" expression="(x/64)" format="0.00" />
      <Conversion units="Raw" expression="x" format="0.00" />
    </Parameter>
    <Parameter id="132B" name="CMP Sensor - High to Low" description="" DataType="UWORD" bitmapped="False">
      <Conversion units="Boolean" expression="x" format="0.00" />
      <Conversion units="Raw" expression="x" format="0.00" />
    </Parameter>
    <Parameter id="132C" name="CMP Sensor - Low to High" description="" DataType="UWORD" bitmapped="False">
      <Conversion units="Boolean" expression="x" format="0.00" />
      <Conversion units="Raw" expression="x" format="0.00" />
    </Parameter>
    <Parameter id="1336" name="Torque Request Signal" description="" DataType="UWORD" bitmapped="False">
      <Conversion units="N-m" expression="(x*0.02646484375)" format="0.00" />
      <Conversion units="Raw" expression="x" format="0.00" />
    </Parameter>
    <Parameter id="1337" name="Torque Delivered Signal" description="" DataType="UWORD" bitmapped="False">
      <Conversion units="N-m" expression="(x*0.02646484375)" format="0.00" />
      <Conversion units="Raw" expression="x" format="0.00" />
    </Parameter>
    <Parameter id="1338" name="Fuel Level Sensor Right Tank" description="" DataType="UBYTE" bitmapped="False">
      <Conversion units="Volts" expression="(x/51)" format="0.00" />
      <Conversion units="Raw" expression="x" format="0.00" />
    </Parameter>
    <Parameter id="139C" name="Ethanol Content Sensor Frequency" description="" DataType="UBYTE" bitmapped="False">
      <Conversion units="Hz" expression="x" format="0" />
      <Conversion units="Raw" expression="x" format="0.00" />
    </Parameter>
    <Parameter id="1481" name="HO2S Heater Bn 1 Sen" description="" DataType="UWORD" bitmapped="False">
      <Conversion units="amps" expression="((/50)" format="0.00" />
      <Conversion units="Raw" expression="x" format="0.00" />
    </Parameter>
    <Parameter id="1482" name="HO2S Heater Bn 1 Sen" description="" DataType="UWORD" bitmapped="False">
      <Conversion units="amps" expression="(x/50)" format="0.00" />
      <Conversion units="Raw" expression="x" format="0.00" />
    </Parameter>
    <Parameter id="1484" name="HO2S Heater Bn 2 Sen" description="" DataType="UWORD" bitmapped="False">
      <Conversion units="amps" expression="(x/50)" format="0.00" />
      <Conversion units="Raw" expression="x" format="0.00" />
    </Parameter>
    <Parameter id="1485" name="HO2S Heater Bn 1 Sen" description="" DataType="UWORD" bitmapped="False">
      <Conversion units="amps" expression="(x/50)" format="0.00" />
      <Conversion units="Raw" expression="x" format="0.00" />
    </Parameter>
    <Parameter id="1617" name="Desired IAC Airflow" description="" DataType="UWORD" bitmapped="False">
      <Conversion units="g/s" expression="x/1024" format="0.00" />
      <Conversion units="Raw" expression="x" format="0.00" />
    </Parameter>
    <Parameter id="1922" name="Power Enrichment" description="" DataType="UBYTE" bitmapped="True" bitIndex="2">
      <Conversion units="Boolean" expression="Active,Inactive" format="" />
      <Conversion units="Raw" expression="," format="0.00" />
    </Parameter>
    <Parameter id="1926" name="TCC Mode" description="" DataType="UBYTE" bitmapped="False">
      <Conversion units="Raw" expression="x" format="0" />
    </Parameter>
    <Parameter id="192B" name="TCC Offrsns" description="" DataType="UBYTE" bitmapped="False">
      <Conversion units="Raw" expression="x" format="0" />
    </Parameter>
    <Parameter id="192C" name="Trans Range" description="" DataType="UBYTE" bitmapped="False">
      <Conversion units="Raw" expression="x" format="0" />
    </Parameter>
    <Parameter id="1940" name="Transmissinon Fluid Temperature" description="" DataType="UBYTE" bitmapped="False">
      <Conversion units="C" expression="x - 40" format="0" />
      <Conversion units="Raw" expression="x" format="0.00" />
    </Parameter>
    <Parameter id="1941" name="Input Shaft Speed" description="" DataType="UWORD" bitmapped="False">
      <Conversion units="Raw" expression="x" format="0" />
    </Parameter>
    <Parameter id="1942" name="Output Shaft Speed" description="" DataType="UBYTE" bitmapped="False">
      <Conversion units="Raw" expression="x" format="0" />
    </Parameter>
    <Parameter id="1991" name="AT TCC Slip" description="" DataType="UBYTE" bitmapped="False">
      <Conversion units="Raw" expression="x" format="0" />
    </Parameter>
    <Parameter id="199D" name="VBS Pressure" description="" DataType="UBYTE" bitmapped="False">
      <Conversion units="Raw" expression="x" format="0" />
    </Parameter>
    <Parameter id="19A0" name="AT Shift Delay" description="" DataType="UBYTE" bitmapped="False">
      <Conversion units="Raw" expression="x" format="0" />
    </Parameter>
    <Parameter id="19AD" name="Transmission Temperature (Raw)" description="" DataType="UBYTE" bitmapped="False">
      <Conversion units="Raw" expression="x" format="0" />
    </Parameter>
    <Parameter id="19F3" name="Transmission Oil Temperature" description="" DataType="UBYTE" bitmapped="False">
      <Conversion units="Raw" expression="x" format="0" />
    </Parameter>
    <Parameter id="19F4" name="Transmission Ratio" description="" DataType="UWORD" bitmapped="False">
      <Conversion units="Raw" expression="x" format="0" />
    </Parameter>
    <Parameter id="19F5" name="Transmission Gear" description="" DataType="UWORD" bitmapped="False">
      <Conversion units="Raw" expression="x" format="0" />
    </Parameter>
    <Parameter id="199A" name="Current Gear" description="" DataType="UBYTE" bitmapped="False">
      <Conversion units="Boolean" expression="x" format="0.00" />
      <Conversion units="Raw" expression="x" format="0.00" />
    </Parameter>
    <Parameter id="FC05" name="EGR PWM Duty Cycle" description="" DataType="UBYTE" bitmapped="False">
      <Conversion units="%" expression="x*(100/256)" format="0.00" />
      <Conversion units="Raw" expression="x" format="0.00" />
    </Parameter>
    <Parameter id="FC05" name="Target Equivalence Ratio" description="" DataType="UWORD" bitmapped="False">
      <Conversion units="EQR" expression="x / 1024" format="0.00" />
      <Conversion units="Raw" expression="x" format="0.00" />
    </Parameter>
  </Parameters>
  <RamParameters>
    <RamParameter id="RamLoad" name="Load" description="" DataType="UWORD">
      <Conversion units="g/cyl" expression="x/2048.0" format="0.00" />
      <Conversion units="Raw" expression="x" format="0.00" />
      <Location os="12593358" address="FFAAEA" />
    </RamParameter>
    <RamParameter id="RamOnTime" name="On Time" description="" DataType="UWORD">
      <Conversion units="Seconds" expression="x/160.0" format="0.00" />
      <Conversion units="Raw" expression="x" format="0.00" />
      <Location os="12593358" address="FFB04C" />
      <Location os="12587603" address="FFB544" />
    </RamParameter>
    <RamParameter id="RamThrottleCrackerAirflow" name="Throttle Cracker Airflow" description="" DataType="UWORD">
      <Conversion units="g/s" expression="x/1024.0" format="0.00" />
      <Conversion units="Raw" expression="x" format="0.00" />
      <Location os="12593358" address="FF97F0" />
    </RamParameter>
    <RamParameter id="RamThrottleFollowerAirflow" name="Throttle Follower Airflow" description="" DataType="UWORD">
      <Conversion units="g/s" expression="x/1024.0" format="0.00" />
      <Conversion units="Raw" expression="x" format="0.00" />
      <Location os="12593358" address="FF980A" />
    </RamParameter>
    <RamParameter id="RamIdleProportional" name="Idle Proportional Term" description="" DataType="UWORD">
      <Conversion units="g/s" expression="x/16.0" format="0.00" />
      <Conversion units="Raw" expression="x" format="0.00" />
      <Location os="12593358" address="FFA2A2" />
    </RamParameter>
    <RamParameter id="RamIdleIntegral" name="Idle Integral Term" description="" DataType="UWORD">
      <Conversion units="g/s" expression="x/16.0" format="0.00" />
      <Conversion units="Raw" expression="x" format="0.00" />
      <Location os="12593358" address="FFA296" />
    </RamParameter>
    <RamParameter id="RamIdleDerivative" name="Idle Derivative Term" description="" DataType="UWORD">
      <Conversion units="g/s" expression="x/16.0" format="0.00" />
      <Conversion units="Raw" expression="x" format="0.00" />
      <Location os="12593358" address="FFA28C" />
    </RamParameter>
    <RamParameter id="RamIgnitionAdvanceMultiplier" name="Ignition Advance Multiplier?" description="Unconfirmed." DataType="UWORD">
      <Conversion units="Factor" expression="x/4096.0" format="0.00" />
      <Conversion units="Raw" expression="x" format="0.00" />
      <Location os="12593358" address="FF8250" />
    </RamParameter>
    <RamParameter id="RamManifoldAbsolutePressure" name="Manifold Absolute Pressure" description="2-Byte Manifold Pressure" DataType="UWORD">
      <Conversion units="kPa" expression="x/51.2" format="0.00" />
      <Conversion units="Raw" expression="x" format="0.00" />
      <Location os="12587603" address="FFB292" />
      <Location os="76030002" address="FFB292" />
      <Location os="12216125" address="FFAFF4" />
      <Location os="61250002" address="FFAFF4" />
      <Location os="12212156" address="FFADAE" />
      <Location os="21560002" address="FFADAE" />
    </RamParameter>
  </RamParameters>
  <MathParameters>
    <MathParameter id="MathLoadFromPids" name="Load (from RPM and MAF)" description="" bitmapped="False">
      <Conversion units="g/cyl" expression="x*15.0/(y*2)" format="0.00" />
      <Pid id="0010" variable="x" conversion="g/s" />
      <Pid id="000C" variable="y" conversion="RPM" />
    </MathParameter>
    <MathParameter id="MathIdcBank1" name="IDC Bank 1" description="" bitmapped="False">
      <Conversion units="%" expression="(x*y)/1200" format="0.00" />
      <Pid id="000C" variable="x" conversion="RPM" />
      <Pid id="125A" variable="y" conversion="ms" />
    </MathParameter>
    <MathParameter id="MathIdcBank2" name="IDC Bank 2" description="" bitmapped="False">
      <Conversion units="%" expression="(x*y)/1200" format="0.00" />
      <Pid id="000C" variable="x" conversion="RPM" />
      <Pid id="125B" variable="y" conversion="ms" />
    </MathParameter>
  </MathParameters>
</PidParams>