<?xml version="1.0"?>
<J2534InitParameters xmlns:xsi="http://www.w3.org/2001/XMLSchema-instance" xmlns:xsd="http://www.w3.org/2001/XMLSchema">
  <VPWLogger>false</VPWLogger>
  <Secondary>false</Secondary>
  <Protocol>ISO15765</Protocol>
  <Baudrate>ISO15765_500000</Baudrate>
  <Sconfigs />
  <Kinit>None</Kinit>
  <InitBytes />
  <Connectflag>NONE</Connectflag>
  <PerodicMsg />
  <PeriodicInterval>0</PeriodicInterval>
  <PassFilters>Type:FLOW_CONTROL_FILTER,Name:23-02-04-10-13-46
Mask:FFFFFFFF,RxStatus:ISO15765_PADDING_ERROR| ISO15765_FRAME_PADDED,TxFlags:ISO15765_FRAME_PAD
Pattern:000007E8,RxStatus:ISO15765_PADDING_ERROR| ISO15765_FRAME_PADDED,TxFlags:ISO15765_FRAME_PAD
FlowControl:000007E0,RxStatus:ISO15765_PADDING_ERROR| ISO15765_FRAME_PADDED,TxFlags:ISO15765_FRAME_PAD

Type:FLOW_CONTROL_FILTER,Name:23-02-04-10-13-46
Mask:FFFFFFFF,RxStatus:ISO15765_PADDING_ERROR| ISO15765_FRAME_PADDED,TxFlags:ISO15765_FRAME_PAD
Pattern:000007E0,RxStatus:ISO15765_PADDING_ERROR| ISO15765_FRAME_PADDED,TxFlags:ISO15765_FRAME_PAD
FlowControl:000007E8,RxStatus:ISO15765_PADDING_ERROR| ISO15765_FRAME_PADDED,TxFlags:ISO15765_FRAME_PAD

</PassFilters>
  <UsePrimaryChannel>false</UsePrimaryChannel>
</J2534InitParameters>