<?xml version="1.0"?>
<ArrayOfTableSeek xmlns:xsi="http://www.w3.org/2001/XMLSchema-instance" xmlns:xsd="http://www.w3.org/2001/XMLSchema">
  <TableSeek>
    <Categories />
    <Name>Dwell temp multiplier</Name>
    <SearchStr>#k11 r21 00</SearchStr>
    <Rows>0</Rows>
    <Columns>0</Columns>
    <RowHeaders>0,1,2,3,4,5,6,7,8,9,10,11,12,13,14,15,16,17,18,19,20,21,22,23,24,25,26,27,28,29,30,31,32</RowHeaders>
    <ColHeaders>deg C -40,deg C -25,deg C -10,deg C 5,deg C 20,deg C 35,deg C 50,deg C 65,deg C 80,deg C 95,deg C 110,deg C 125,deg C 140,deg C 155,deg C 170,deg C 185,deg C 200</ColHeaders>
    <Math>X/256</Math>
    <Offset>3</Offset>
    <ConditionalOffset>false</ConditionalOffset>
    <SignedOffset>false</SignedOffset>
    <DataType>UBYTE</DataType>
    <Decimals>3</Decimals>
    <OutputType>Float</OutputType>
    <Min>0</Min>
    <Max>1</Max>
    <UseHit>1</UseHit>
    <Range />
    <Segments>6</Segments>
    <Units />
    <Values />
    <RowMajor>true</RowMajor>
    <Description />
    <MSB>true</MSB>
    <DispUnits>Undefined</DispUnits>
    <ApplySearchForCount>0</ApplySearchForCount>
  </TableSeek>
  <TableSeek>
    <Categories />
    <Name>DwellMain</Name>
    <SearchStr>A0 8E * * 3C 60 @ @ 38 63 @ @ 7F C5 F3 78 4B</SearchStr>
    <Rows>33</Rows>
    <Columns>17</Columns>
    <RowHeaders>0,1,2,3,4,5,6,7,8,9,10,11,12,13,14,15,16,17,18,19,20,21,22,23,24,25,26,27,28,29,30,31,32</RowHeaders>
    <ColHeaders>0,500,1000,1500,2000,2500,3000,3500,4000,4500,5000,5500,6000,6500,7000,7500,8000</ColHeaders>
    <Math>X/128</Math>
    <Offset>4</Offset>
    <ConditionalOffset>false</ConditionalOffset>
    <SignedOffset>true</SignedOffset>
    <DataType>UWORD</DataType>
    <Decimals>2</Decimals>
    <OutputType>Float</OutputType>
    <Min>0</Min>
    <Max>255</Max>
    <UseHit>1</UseHit>
    <Range />
    <Segments>1</Segments>
    <Units />
    <Values />
    <RowMajor>true</RowMajor>
    <Description>Base dwell, a f(RPM,Ignvolt)</Description>
    <MSB>true</MSB>
    <DispUnits>Undefined</DispUnits>
    <ApplySearchForCount>0</ApplySearchForCount>
  </TableSeek>
  <TableSeek>
    <Categories />
    <Name>DwellMain*17-</Name>
    <SearchStr>74 * * 3F 58 8E * * 01 E5 70 60 @ @ 1C 63 @ @ 79 F8 * *</SearchStr>
    <Rows>33</Rows>
    <Columns>17</Columns>
    <RowHeaders>0,1,2,3,4,5,6,7,8,9,10,11,12,13,14,15,16,17,18,19,20,21,22,23,24,25,26,27,28,29,30,31,32</RowHeaders>
    <ColHeaders>0,500,1000,1500,2000,2500,3000,3500,4000,4500,5000,5500,6000,6500,7000,7500,8000</ColHeaders>
    <Math>X/128</Math>
    <Offset>-3758096380</Offset>
    <ConditionalOffset>false</ConditionalOffset>
    <SignedOffset>true</SignedOffset>
    <DataType>UWORD</DataType>
    <Decimals>2</Decimals>
    <OutputType>Float</OutputType>
    <Min>0</Min>
    <Max>255</Max>
    <UseHit>1</UseHit>
    <Range />
    <Segments>1</Segments>
    <Units />
    <Values />
    <RowMajor>true</RowMajor>
    <Description>Base dwell, a f(RPM,Ignvolt)</Description>
    <MSB>true</MSB>
    <DispUnits>Undefined</DispUnits>
    <ApplySearchForCount>0</ApplySearchForCount>
  </TableSeek>
  <TableSeek>
    <Categories />
    <Name>DodSwitch*14-16</Name>
    <SearchStr>00 0C 90 01 00 14 3F E0 @ @ 8C 7F @ @ 2C 03 00 00 41 82 00 14 3D 80</SearchStr>
    <Rows>1</Rows>
    <Columns>1</Columns>
    <RowHeaders />
    <ColHeaders />
    <Math>x/1</Math>
    <Offset>0</Offset>
    <ConditionalOffset>false</ConditionalOffset>
    <SignedOffset>true</SignedOffset>
    <DataType>UBYTE</DataType>
    <Decimals>2</Decimals>
    <OutputType>Float</OutputType>
    <Min>0</Min>
    <Max>255</Max>
    <UseHit>1</UseHit>
    <Range />
    <Segments />
    <Category>Cylinder_Deac</Category>
    <Units>BOOLEAN</Units>
    <Values>BOOLEAN</Values>
    <RowMajor>true</RowMajor>
    <Description> Boolean to disable or enable cylinder deactivation functionality. Cylinder Deactivation Functionality is disabled whenever this calibration is set to TRUE. </Description>
    <MSB>true</MSB>
    <DispUnits>Undefined</DispUnits>
    <ApplySearchForCount>0</ApplySearchForCount>
  </TableSeek>
  <TableSeek>
    <Categories />
    <Name>DodSwitch*17-18</Name>
    <SearchStr>80 D5 01 70 E0 @ @ 30 E7 @ @ 2A 07 E6 0B 70</SearchStr>
    <Rows>1</Rows>
    <Columns>1</Columns>
    <RowHeaders />
    <ColHeaders />
    <Math>x/1</Math>
    <Offset>-3758096384</Offset>
    <ConditionalOffset>false</ConditionalOffset>
    <SignedOffset>true</SignedOffset>
    <DataType>UBYTE</DataType>
    <Decimals>2</Decimals>
    <OutputType>Float</OutputType>
    <Min>0</Min>
    <Max>255</Max>
    <UseHit>1</UseHit>
    <Range />
    <Segments />
    <Category>Cylinder_Deac</Category>
    <Units>BOOLEAN</Units>
    <Values>BOOLEAN</Values>
    <RowMajor>true</RowMajor>
    <Description> Boolean to disable or enable cylinder deactivation functionality. Cylinder Deactivation Functionality is disabled whenever this calibration is set to TRUE. </Description>
    <MSB>true</MSB>
    <DispUnits>Undefined</DispUnits>
    <ApplySearchForCount>0</ApplySearchForCount>
  </TableSeek>
  <TableSeek>
    <Categories />
    <Name>KeE85G_b_FlexFuelSensorPresent*e80</Name>
    <SearchStr>80 D5 01 70 E0 * * 30 E7 * * 2A 07 E6 13 70 e0 @ @ 30 e7 @ @</SearchStr>
    <Rows>1</Rows>
    <Columns>1</Columns>
    <RowHeaders />
    <ColHeaders>BOOLEAN</ColHeaders>
    <Math>X/1</Math>
    <Offset>-3766484992</Offset>
    <ConditionalOffset>false</ConditionalOffset>
    <SignedOffset>true</SignedOffset>
    <DataType>UBYTE</DataType>
    <Decimals>0</Decimals>
    <OutputType>Float</OutputType>
    <Min>0</Min>
    <Max>255</Max>
    <UseHit>1</UseHit>
    <Range />
    <Segments />
    <Category>CL_FlexFuel</Category>
    <Units>BOOLEAN</Units>
    <Values>0 - 255</Values>
    <BitMask />
    <RowMajor>true</RowMajor>
    <Description> Flag indicating whether or not thevehicle is equipped with a flex fuel sensor. </Description>
    <MSB>true</MSB>
    <DispUnits>Undefined</DispUnits>
    <RefAddress>00071464</RefAddress>
    <ExtraDescription />
    <ExtraCategories>CL_FlexFuel - Rte_kctl.c</ExtraCategories>
    <ApplySearchForCount>0</ApplySearchForCount>
  </TableSeek>
  <TableSeek>
    <Categories />
    <Name>KeE85G_b_FlexFuelEquipped*e80</Name>
    <SearchStr>80 D5 01 70 E0 @ @ 30 E7 @ @ 2A 07 E6 13 70 e0 * * 30 e7 * *</SearchStr>
    <Rows>1</Rows>
    <Columns>1</Columns>
    <RowHeaders />
    <ColHeaders>BOOLEAN</ColHeaders>
    <Math>X/1</Math>
    <Offset>-3766484992</Offset>
    <ConditionalOffset>false</ConditionalOffset>
    <SignedOffset>true</SignedOffset>
    <DataType>UBYTE</DataType>
    <Decimals>0</Decimals>
    <OutputType>Float</OutputType>
    <Min>0</Min>
    <Max>255</Max>
    <UseHit>1</UseHit>
    <Range />
    <Segments />
    <Category>CL_FlexFuel</Category>
    <Units>BOOLEAN</Units>
    <Values>0 - 255</Values>
    <BitMask />
    <RowMajor>true</RowMajor>
    <Description> Flag indicating whether or not thevehicle is flex fuel capable. </Description>
    <MSB>true</MSB>
    <DispUnits>Undefined</DispUnits>
    <RefAddress>00071BD0</RefAddress>
    <ExtraDescription />
    <ExtraCategories>CL_FlexFuel - Rte_kctl.c</ExtraCategories>
    <ApplySearchForCount>0</ApplySearchForCount>
  </TableSeek>
  <TableSeek>
    <Categories />
    <Name>KeFLVG_b_E85_FuelSystemPresent</Name>
    <SearchStr>F0 00 80 D5 01 70 E0 * * 30 E7 * * 2A 07 7A 12 01 1A 30</SearchStr>
    <Rows>1</Rows>
    <Columns>1</Columns>
    <RowHeaders />
    <ColHeaders>BOOLEAN</ColHeaders>
    <Math>X/1</Math>
    <Offset>-3766484992</Offset>
    <ConditionalOffset>false</ConditionalOffset>
    <SignedOffset>true</SignedOffset>
    <DataType>UBYTE</DataType>
    <Decimals>0</Decimals>
    <OutputType>Float</OutputType>
    <Min>0</Min>
    <Max>255</Max>
    <UseHit>1</UseHit>
    <Range />
    <Segments />
    <Category>Plat_Fuel_Level</Category>
    <Units>BOOLEAN</Units>
    <Values>0 - 255</Values>
    <BitMask />
    <RowMajor>true</RowMajor>
    <Description> Set to TRUE to enable the Fuel Level E85 Functionality. </Description>
    <MSB>true</MSB>
    <DispUnits>Undefined</DispUnits>
    <RefAddress>00045F22</RefAddress>
    <ExtraDescription />
    <ExtraCategories>Plat_Fuel_Level - flvgkfsp.c</ExtraCategories>
    <ApplySearchForCount>0</ApplySearchForCount>
  </TableSeek>
  <TableSeek>
    <Categories />
    <Name>KeE85C_Pct_EthanolMax</Name>
    <SearchStr>01 3E 70 80 * * 50 84 * * 10 84 FA CD 7A 05 00 08</SearchStr>
    <Rows>1</Rows>
    <Columns>1</Columns>
    <RowHeaders />
    <ColHeaders>%</ColHeaders>
    <Math>X</Math>
    <Offset>-3766484992</Offset>
    <ConditionalOffset>false</ConditionalOffset>
    <SignedOffset>true</SignedOffset>
    <DataType>FLOAT32</DataType>
    <Decimals>5</Decimals>
    <OutputType>Float</OutputType>
    <Min>-3.4E+38</Min>
    <Max>3.4E+38</Max>
    <UseHit>1</UseHit>
    <Range />
    <Segments />
    <Category>CL_FlexFuel</Category>
    <Units>%</Units>
    <Values>-3.4E+38 - 3.4E+38</Values>
    <BitMask />
    <RowMajor>true</RowMajor>
    <Description> Defines the maximum ethanol percent that can be reported. FLT PT EXPECTED RANGE: 0-100 </Description>
    <MSB>true</MSB>
    <DispUnits>Undefined</DispUnits>
    <RefAddress>00071BEC</RefAddress>
    <ExtraDescription />
    <ExtraCategories>CL_FlexFuel - Rte_kctl.c</ExtraCategories>
    <ApplySearchForCount>0</ApplySearchForCount>
  </TableSeek>
  <TableSeek>
    <Categories />
    <Name>KeETQC_Pct_EthanolMax</Name>
    <SearchStr>72 80 @ @ 72 E0 * * 52 F7 * * 52 94 @ @ 13 B4 BA C1 48</SearchStr>
    <Rows>1</Rows>
    <Columns>1</Columns>
    <RowHeaders />
    <ColHeaders>%</ColHeaders>
    <Math>X</Math>
    <Offset>-3766484992</Offset>
    <ConditionalOffset>false</ConditionalOffset>
    <SignedOffset>true</SignedOffset>
    <DataType>FLOAT32</DataType>
    <Decimals>5</Decimals>
    <OutputType>Float</OutputType>
    <Min>-3.4E+38</Min>
    <Max>3.4E+38</Max>
    <UseHit>1</UseHit>
    <Range />
    <Segments />
    <Category>NEW</Category>
    <Units>%</Units>
    <Values>-3.4E+38 - 3.4E+38</Values>
    <BitMask />
    <RowMajor>true</RowMajor>
    <Description> Maximum percent ethanol Torque Model uses for Torque Model Coefficients. </Description>
    <MSB>true</MSB>
    <DispUnits>Undefined</DispUnits>
    <RefAddress>00067148</RefAddress>
    <ExtraDescription />
    <ExtraCategories>NEW - etqckse1.c</ExtraCategories>
    <ApplySearchForCount>0</ApplySearchForCount>
  </TableSeek>
  <TableSeek>
    <Categories />
    <Name>KeETQC_Pct_EthanolMin</Name>
    <SearchStr>72 80 * * 72 E0 @ @ 52 F7 @ @ 52 94 * * 13 B4 BA C1 48</SearchStr>
    <Rows>1</Rows>
    <Columns>1</Columns>
    <RowHeaders />
    <ColHeaders>%</ColHeaders>
    <Math>X</Math>
    <Offset>-3766484992</Offset>
    <ConditionalOffset>false</ConditionalOffset>
    <SignedOffset>true</SignedOffset>
    <DataType>FLOAT32</DataType>
    <Decimals>5</Decimals>
    <OutputType>Float</OutputType>
    <Min>-3.4E+38</Min>
    <Max>3.4E+38</Max>
    <UseHit>1</UseHit>
    <Range />
    <Segments />
    <Category>NEW</Category>
    <Units>%</Units>
    <Values>-3.4E+38 - 3.4E+38</Values>
    <BitMask />
    <RowMajor>true</RowMajor>
    <Description> Minimum percent ethanol Torque Model uses for Torque Model Coefficients. </Description>
    <MSB>true</MSB>
    <DispUnits>Undefined</DispUnits>
    <RefAddress>0006714C</RefAddress>
    <ExtraDescription />
    <ExtraCategories>NEW - etqckse1.c</ExtraCategories>
    <ApplySearchForCount>0</ApplySearchForCount>
  </TableSeek>
  <TableSeek>
    <Categories />
    <Name>KeTRNG_e_AutoTransType</Name>
    <SearchStr>2a 06 E6 07 70 60 @ @ 38 63 @ @ 2A 43 E6 * 48 07 e8</SearchStr>
    <Rows>1</Rows>
    <Columns>1</Columns>
    <RowHeaders />
    <ColHeaders>enum</ColHeaders>
    <Math>X</Math>
    <Offset>-3766484992</Offset>
    <ConditionalOffset>false</ConditionalOffset>
    <SignedOffset>true</SignedOffset>
    <DataType>SWORD</DataType>
    <Decimals>0</Decimals>
    <OutputType>Float</OutputType>
    <Min>-32768</Min>
    <Max>32767</Max>
    <UseHit>1</UseHit>
    <Range />
    <Segments />
    <Category>Plat_Cfg</Category>
    <Units>enum</Units>
    <Values>Enum: 0:CeTRNR_e_Freewheel,1:CeTRNR_e_C2C,2:CeTRNR_e_EVT,3:CeTRNR_e_MTA,4:CeTRNR_e_DCT,5:CeTRNR_e_CVT</Values>
    <BitMask />
    <RowMajor>true</RowMajor>
    <Description> Indicates the type of automatic transmission (freewheel or clutch to clutch transmission) used in a particular application </Description>
    <MSB>true</MSB>
    <DispUnits>Undefined</DispUnits>
    <RefAddress>0006A508</RefAddress>
    <ExtraDescription />
    <ExtraCategories>Plat_Cfg - Rte_kcsc.c</ExtraCategories>
    <ApplySearchForCount>0</ApplySearchForCount>
  </TableSeek>
  <TableSeek>
    <Categories />
    <Name>KtFEQR_afr_StoichAirFuelRatio</Name>
    <SearchStr>01 * * * * 01 F4 70 60 @ @ 1C 63 @ @ 78 * * * * 7F 04</SearchStr>
    <Rows>17</Rows>
    <Columns>1</Columns>
    <RowHeaders>% 0,% 6.24990463256836,% 12.4998092651367,% 18.7497138977051,% 24.9996185302734,% 31.2495231628418,% 37.4994277954102,% 43.7493324279785,% 49.9992370605469,% 56.2491416931152,% 62.4990463256836,% 68.748950958252,% 74.9988555908203,% 81.2487602233887,% 87.498664855957,% 93.7485694885254,% 99.9984741210938</RowHeaders>
    <ColHeaders>ratio</ColHeaders>
    <Math>X/2048</Math>
    <Offset>-3766484990</Offset>
    <ConditionalOffset>false</ConditionalOffset>
    <SignedOffset>true</SignedOffset>
    <DataType>UWORD</DataType>
    <Decimals>5</Decimals>
    <OutputType>Float</OutputType>
    <Min>0</Min>
    <Max>31.99951171875</Max>
    <UseHit>1</UseHit>
    <Range />
    <Segments />
    <Category>CL_FlexFuel</Category>
    <Units>ratio</Units>
    <Values>0 - 31.99951171875</Values>
    <BitMask />
    <RowMajor>false</RowMajor>
    <Description> Defines the mass ratio of fuel to air for stoichiometry. A/F ratio = KtFEQR_afr_StoichAirFuelRatio/Equivalence_Ratio. </Description>
    <MSB>true</MSB>
    <DispUnits>Undefined</DispUnits>
    <RefAddress>00088132</RefAddress>
    <ExtraDescription />
    <ExtraCategories>CL_FlexFuel - feqrkfnl.c</ExtraCategories>
    <ApplySearchForCount>0</ApplySearchForCount>
  </TableSeek>
  <TableSeek>
    <Categories />
    <Name>KeVCEG_b_AFM_HardwarePresent</Name>
    <SearchStr>01 70 E0 @ @ 30 E7 @ @ 2A 07 E6 0B 70 e0 * * 30 e7 * *</SearchStr>
    <Rows>1</Rows>
    <Columns>1</Columns>
    <RowHeaders />
    <ColHeaders>BOOLEAN</ColHeaders>
    <Math>X/1</Math>
    <Offset>-3766484992</Offset>
    <ConditionalOffset>false</ConditionalOffset>
    <SignedOffset>true</SignedOffset>
    <DataType>UBYTE</DataType>
    <Decimals>0</Decimals>
    <OutputType>Float</OutputType>
    <Min>0</Min>
    <Max>255</Max>
    <UseHit>1</UseHit>
    <Range />
    <Segments />
    <Category>NEW</Category>
    <Units>BOOLEAN</Units>
    <Values>0 - 255</Values>
    <BitMask />
    <RowMajor>true</RowMajor>
    <Description> Bookean to indicate if cylinder deac hardware is present in the vehicle. </Description>
    <MSB>true</MSB>
    <DispUnits>Undefined</DispUnits>
    <RefAddress>0006A660</RefAddress>
    <ExtraDescription />
    <ExtraCategories>NEW - Rte_kcsc.c</ExtraCategories>
    <ApplySearchForCount>0</ApplySearchForCount>
  </TableSeek>
  <TableSeek>
    <Categories />
    <Name>KeVCEG_b_VVL_HardwarePresent</Name>
    <SearchStr>01 70 E0 * * 30 E7 * * 2A 07 E6 0B 70 e0 @ @ 30 e7 @ @</SearchStr>
    <Rows>1</Rows>
    <Columns>1</Columns>
    <RowHeaders />
    <ColHeaders>BOOLEAN</ColHeaders>
    <Math>X/1</Math>
    <Offset>-3766484992</Offset>
    <ConditionalOffset>false</ConditionalOffset>
    <SignedOffset>true</SignedOffset>
    <DataType>UBYTE</DataType>
    <Decimals>0</Decimals>
    <OutputType>Float</OutputType>
    <Min>0</Min>
    <Max>255</Max>
    <UseHit>1</UseHit>
    <Range />
    <Segments />
    <Category>NEW</Category>
    <Units>BOOLEAN</Units>
    <Values>0 - 255</Values>
    <BitMask />
    <RowMajor>true</RowMajor>
    <Description> Bookean to indicate if 2-Step CAM hardware is present in the vehicle. </Description>
    <MSB>true</MSB>
    <DispUnits>Undefined</DispUnits>
    <RefAddress>0006A718</RefAddress>
    <ExtraDescription />
    <ExtraCategories>NEW - Rte_kcsc.c</ExtraCategories>
    <ApplySearchForCount>0</ApplySearchForCount>
  </TableSeek>
  <TableSeek>
    <Categories />
    <Name>KeTRQC_b_SuperchargeExist</Name>
    <SearchStr>00 90 21 F1 00 04 44 44 70 60 @ @ 30 63 @ @ 2A 13 E2 0F 70 E0 * * 30 E7 * *</SearchStr>
    <Rows>1</Rows>
    <Columns>1</Columns>
    <RowHeaders />
    <ColHeaders>BOOLEAN</ColHeaders>
    <Math>X/1</Math>
    <Offset>-3766484992</Offset>
    <ConditionalOffset>false</ConditionalOffset>
    <SignedOffset>true</SignedOffset>
    <DataType>UBYTE</DataType>
    <Decimals>0</Decimals>
    <OutputType>Float</OutputType>
    <Min>0</Min>
    <Max>255</Max>
    <UseHit>1</UseHit>
    <Range />
    <Segments />
    <Category>Torque_Model</Category>
    <Units>BOOLEAN</Units>
    <Values>0 - 255</Values>
    <BitMask />
    <RowMajor>true</RowMajor>
    <Description> Calibration flag indicating wether or notengine is equipped with supercharger </Description>
    <MSB>true</MSB>
    <DispUnits>Undefined</DispUnits>
    <RefAddress>0006A64C</RefAddress>
    <ExtraDescription />
    <ExtraCategories>Torque_Model - Rte_kcsc.c</ExtraCategories>
    <ApplySearchForCount>0</ApplySearchForCount>
  </TableSeek>
  <TableSeek>
    <Categories />
    <Name>KeTRNG_b_TransAutomatic</Name>
    <SearchStr>04 44 44 70 60 @ @ 30 63 @ @ 2A 13 E2 0F 70 e0 * * 30 e7 * * * * * * 70 60 * * 30 63 * *</SearchStr>
    <Rows>1</Rows>
    <Columns>1</Columns>
    <RowHeaders />
    <ColHeaders>BOOLEAN</ColHeaders>
    <Math>X/1</Math>
    <Offset>-3766484992</Offset>
    <ConditionalOffset>false</ConditionalOffset>
    <SignedOffset>true</SignedOffset>
    <DataType>UBYTE</DataType>
    <Decimals>0</Decimals>
    <OutputType>Float</OutputType>
    <Min>0</Min>
    <Max>255</Max>
    <UseHit>1</UseHit>
    <Range />
    <Segments />
    <Category>Plat_Cfg</Category>
    <Units>BOOLEAN</Units>
    <Values>0 - 255</Values>
    <BitMask />
    <RowMajor>true</RowMajor>
    <Description> Indicates that the application has an automatic transmission (as opposed to a manual transmission) </Description>
    <MSB>true</MSB>
    <DispUnits>Undefined</DispUnits>
    <RefAddress>0006A4F0</RefAddress>
    <ExtraDescription />
    <ExtraCategories>Plat_Cfg - Rte_kcsc.c</ExtraCategories>
    <ApplySearchForCount>0</ApplySearchForCount>
  </TableSeek>
  <TableSeek>
    <Categories />
    <Name>KeTOSR_b_UseRotationalStatus</Name>
    <SearchStr>04 44 44 70 60 * * 30 63 * * 2A 13 E2 0F 70 e0 @ @ 30 e7 @ @ * * * * 70 60 * * 30 63 * *</SearchStr>
    <Rows>1</Rows>
    <Columns>1</Columns>
    <RowHeaders />
    <ColHeaders>BOOLEAN</ColHeaders>
    <Math>X/1</Math>
    <Offset>-3766484992</Offset>
    <ConditionalOffset>false</ConditionalOffset>
    <SignedOffset>true</SignedOffset>
    <DataType>UBYTE</DataType>
    <Decimals>0</Decimals>
    <OutputType>Float</OutputType>
    <Min>0</Min>
    <Max>255</Max>
    <UseHit>1</UseHit>
    <Range />
    <Segments />
    <Category>Plat_TOSS</Category>
    <Units>BOOLEAN</Units>
    <Values>0 - 255</Values>
    <BitMask />
    <RowMajor>true</RowMajor>
    <Description> Set to TRUE to use Rotational Status signals. Set to FALSE to use legacy Angular Velocity and Rolling Count signals. </Description>
    <MSB>true</MSB>
    <DispUnits>Undefined</DispUnits>
    <RefAddress>0004A090</RefAddress>
    <ExtraDescription />
    <ExtraCategories>Plat_TOSS - Rte_kvsp.c</ExtraCategories>
    <ApplySearchForCount>0</ApplySearchForCount>
  </TableSeek>
  <TableSeek>
    <Categories />
    <Name>KeTOSR_b_ReplTOS_OutputEnbl</Name>
    <SearchStr>04 44 44 70 60 * * 30 63 * * 2A 13 E2 0F 70 e0 * * 30 e7 * * * * * * 70 60 @ @ 30 63 @ @</SearchStr>
    <Rows>1</Rows>
    <Columns>1</Columns>
    <RowHeaders />
    <ColHeaders>BOOLEAN</ColHeaders>
    <Math>X/1</Math>
    <Offset>-3766484992</Offset>
    <ConditionalOffset>false</ConditionalOffset>
    <SignedOffset>true</SignedOffset>
    <DataType>UBYTE</DataType>
    <Decimals>0</Decimals>
    <OutputType>Float</OutputType>
    <Min>0</Min>
    <Max>255</Max>
    <UseHit>1</UseHit>
    <Range />
    <Segments />
    <Category>Plat_TOSS</Category>
    <Units>BOOLEAN</Units>
    <Values>0 - 255</Values>
    <BitMask />
    <RowMajor>true</RowMajor>
    <Description> Enables the Replicated Trans Output Speed Output Driver. Set to FALSE to disable Replicated TOS output signal. Set to TRUE to enable Replicated TOS output signal as unscaled TOS. </Description>
    <MSB>true</MSB>
    <DispUnits>Undefined</DispUnits>
    <RefAddress>0004A08E</RefAddress>
    <ExtraDescription />
    <ExtraCategories>Plat_TOSS - Rte_kvsp.c</ExtraCategories>
    <ApplySearchForCount>0</ApplySearchForCount>
  </TableSeek>
  <TableSeek>
    <Categories />
    <Name>KeTRQC_b_SC_REP_Enbl</Name>
    <SearchStr>00 90 21 F1 00 04 44 44 70 60 * * 30 63 * * 2A 13 E2 0F 70 E0 @ @ 30 E7 @ @</SearchStr>
    <Rows>1</Rows>
    <Columns>1</Columns>
    <RowHeaders />
    <ColHeaders>BOOLEAN</ColHeaders>
    <Math>X/1</Math>
    <Offset>-3766484992</Offset>
    <ConditionalOffset>false</ConditionalOffset>
    <SignedOffset>true</SignedOffset>
    <DataType>UBYTE</DataType>
    <Decimals>0</Decimals>
    <OutputType>Float</OutputType>
    <Min>0</Min>
    <Max>255</Max>
    <UseHit>1</UseHit>
    <Range />
    <Segments />
    <Category>NEW</Category>
    <Units>BOOLEAN</Units>
    <Values>0 - 255</Values>
    <BitMask />
    <RowMajor>true</RowMajor>
    <Description> Calibration flag indicating supercharger reduced engine power mode function indicator is available </Description>
    <MSB>true</MSB>
    <DispUnits>Undefined</DispUnits>
    <RefAddress>000B1A10</RefAddress>
    <ExtraDescription />
    <ExtraCategories>NEW - trqcketc.c</ExtraCategories>
    <ApplySearchForCount>0</ApplySearchForCount>
  </TableSeek>
  <TableSeek>
    <Categories />
    <Name>KeVOSI_v_VehSpdComFail</Name>
    <SearchStr>c8 54 * * * 73 E0 @ @ 5B FF @ @ * * 10 c0</SearchStr>
    <Rows>1</Rows>
    <Columns>1</Columns>
    <RowHeaders />
    <ColHeaders>kph</ColHeaders>
    <Math>X/128</Math>
    <Offset>-3766484992</Offset>
    <ConditionalOffset>false</ConditionalOffset>
    <SignedOffset>true</SignedOffset>
    <DataType>UWORD</DataType>
    <Decimals>4</Decimals>
    <OutputType>Float</OutputType>
    <Min>0</Min>
    <Max>511.9921875</Max>
    <UseHit>1</UseHit>
    <Range />
    <Segments />
    <Category>Plat_Vehicle_Overspeed</Category>
    <Units>kph</Units>
    <Values>0 - 511.9921875</Values>
    <BitMask />
    <RowMajor>true</RowMajor>
    <Description> Upper vehicle speed limit which is used when communication failure is detected </Description>
    <MSB>true</MSB>
    <DispUnits>Undefined</DispUnits>
    <RefAddress>0004A074</RefAddress>
    <ExtraDescription />
    <ExtraCategories>Plat_Vehicle_Overspeed - Rte_kvsp.c</ExtraCategories>
    <ApplySearchForCount>0</ApplySearchForCount>
  </TableSeek>
  <TableSeek>
    <Categories />
    <Name>KeVSPR_Cf_NonDrvnWhlPlsToRev</Name>
    <SearchStr />
    <Rows>1</Rows>
    <Columns>1</Columns>
    <RowHeaders />
    <ColHeaders />
    <Math>X</Math>
    <Offset>-3766484992</Offset>
    <ConditionalOffset>false</ConditionalOffset>
    <SignedOffset>true</SignedOffset>
    <DataType>UINT32</DataType>
    <Decimals>0</Decimals>
    <OutputType>Float</OutputType>
    <Min>0</Min>
    <Max>4294967295</Max>
    <UseHit>1</UseHit>
    <Range />
    <Segments />
    <Category>Plat_Vehicle_Speed</Category>
    <Units />
    <Values>0 - 4294967295</Values>
    <BitMask />
    <RowMajor>true</RowMajor>
    <Description> This calibration is the non-driven wheel pulses per wheel revolution. </Description>
    <MSB>true</MSB>
    <DispUnits>Undefined</DispUnits>
    <RefAddress>0004A078</RefAddress>
    <ExtraDescription />
    <ExtraCategories>Plat_Vehicle_Speed - Rte_kvsp.c</ExtraCategories>
    <ApplySearchForCount>0</ApplySearchForCount>
  </TableSeek>
  <TableSeek>
    <Categories />
    <Name>KeVOSG_e_PPEI_Version</Name>
    <SearchStr>50 * * * 70 E0 @ @ * E7 @ @ * * * 00 e2</SearchStr>
    <Rows>1</Rows>
    <Columns>1</Columns>
    <RowHeaders />
    <ColHeaders>enum</ColHeaders>
    <Math>X</Math>
    <Offset>-3766484992</Offset>
    <ConditionalOffset>false</ConditionalOffset>
    <SignedOffset>true</SignedOffset>
    <DataType>SWORD</DataType>
    <Decimals>0</Decimals>
    <OutputType>Float</OutputType>
    <Min>-32768</Min>
    <Max>32767</Max>
    <UseHit>1</UseHit>
    <Range />
    <Segments />
    <Category>Plat_Vehicle_Overspeed</Category>
    <Units>enum</Units>
    <Values>Enum: 0:CeVOSG_e_PPEI_2,1:CeVOSG_e_PPEI_3</Values>
    <BitMask />
    <RowMajor>true</RowMajor>
    <Description> indication of which PPEI is supported </Description>
    <MSB>true</MSB>
    <DispUnits>Undefined</DispUnits>
    <RefAddress>0004A07C</RefAddress>
    <ExtraDescription />
    <ExtraCategories>Plat_Vehicle_Overspeed - Rte_kvsp.c</ExtraCategories>
    <ApplySearchForCount>0</ApplySearchForCount>
  </TableSeek>
  <TableSeek>
    <Categories />
    <Name>KeVSPR_Cf_DrvnWhlDistToRev</Name>
    <SearchStr />
    <Rows>1</Rows>
    <Columns>1</Columns>
    <RowHeaders />
    <ColHeaders />
    <Math>X</Math>
    <Offset>-3766484992</Offset>
    <ConditionalOffset>false</ConditionalOffset>
    <SignedOffset>true</SignedOffset>
    <DataType>UINT32</DataType>
    <Decimals>0</Decimals>
    <OutputType>Float</OutputType>
    <Min>0</Min>
    <Max>4294967295</Max>
    <UseHit>1</UseHit>
    <Range />
    <Segments />
    <Category>Plat_Vehicle_Speed</Category>
    <Units />
    <Values>0 - 4294967295</Values>
    <BitMask />
    <RowMajor>true</RowMajor>
    <Description> This calibration is the wheel circumference per revolution for the driven wheels (in units of millimeters). </Description>
    <MSB>true</MSB>
    <DispUnits>Undefined</DispUnits>
    <RefAddress>0004A080</RefAddress>
    <ExtraDescription />
    <ExtraCategories>Plat_Vehicle_Speed - Rte_kvsp.c</ExtraCategories>
    <ApplySearchForCount>0</ApplySearchForCount>
  </TableSeek>
  <TableSeek>
    <Categories />
    <Name>KeVOSI_b_EOL_TireSpeedLimitEnbl</Name>
    <SearchStr>90 20 F1 00 04 00 00 70 60 @ @ 30 63 @ @ 2A 13 E2</SearchStr>
    <Rows>1</Rows>
    <Columns>1</Columns>
    <RowHeaders />
    <ColHeaders>BOOLEAN</ColHeaders>
    <Math>X/1</Math>
    <Offset>-3766484992</Offset>
    <ConditionalOffset>false</ConditionalOffset>
    <SignedOffset>true</SignedOffset>
    <DataType>UBYTE</DataType>
    <Decimals>0</Decimals>
    <OutputType>Float</OutputType>
    <Min>0</Min>
    <Max>255</Max>
    <UseHit>1</UseHit>
    <Range />
    <Segments />
    <Category>Plat_Vehicle_Overspeed</Category>
    <Units>BOOLEAN</Units>
    <Values>0 - 255</Values>
    <BitMask />
    <RowMajor>true</RowMajor>
    <Description> Enable feature for End of Line programming of the Vehicle Speed Limit. </Description>
    <MSB>true</MSB>
    <DispUnits>Undefined</DispUnits>
    <RefAddress>0004A09E</RefAddress>
    <ExtraDescription />
    <ExtraCategories>Plat_Vehicle_Overspeed - Rte_kvsp.c</ExtraCategories>
    <ApplySearchForCount>0</ApplySearchForCount>
  </TableSeek>
  <TableSeek>
    <Categories />
    <Name>KeVOSC_v_PPEI2_VehSpdLimit</Name>
    <SearchStr>73 e0 @ @ 5b ff @ @ * * * * * * * * * c8 54 * * * 73 E0 * * 5B FF * * * * 10 c0</SearchStr>
    <Rows>1</Rows>
    <Columns>1</Columns>
    <RowHeaders />
    <ColHeaders>kph</ColHeaders>
    <Math>X/128</Math>
    <Offset>-3766484992</Offset>
    <ConditionalOffset>false</ConditionalOffset>
    <SignedOffset>true</SignedOffset>
    <DataType>UWORD</DataType>
    <Decimals>4</Decimals>
    <OutputType>Float</OutputType>
    <Min>0</Min>
    <Max>511.9921875</Max>
    <UseHit>1</UseHit>
    <Range />
    <Segments />
    <Category>Plat_Vehicle_Overspeed</Category>
    <Units>kph</Units>
    <Values>0 - 511.9921875</Values>
    <BitMask />
    <RowMajor>true</RowMajor>
    <Description> PPEI2 vehicle speed limit </Description>
    <MSB>true</MSB>
    <DispUnits>Undefined</DispUnits>
    <RefAddress>0004A0A0</RefAddress>
    <ExtraDescription />
    <ExtraCategories>Plat_Vehicle_Overspeed - Rte_kvsp.c</ExtraCategories>
    <ApplySearchForCount>0</ApplySearchForCount>
  </TableSeek>
  <TableSeek>
    <Categories />
    <Name>KeVSPR_b_WhlSpdSensingDiagEnbl</Name>
    <SearchStr />
    <Rows>1</Rows>
    <Columns>1</Columns>
    <RowHeaders />
    <ColHeaders>BOOLEAN</ColHeaders>
    <Math>X/1</Math>
    <Offset>-3766484992</Offset>
    <ConditionalOffset>false</ConditionalOffset>
    <SignedOffset>true</SignedOffset>
    <DataType>UBYTE</DataType>
    <Decimals>0</Decimals>
    <OutputType>Float</OutputType>
    <Min>0</Min>
    <Max>255</Max>
    <UseHit>1</UseHit>
    <Range />
    <Segments />
    <Category>Plat_Vehicle_Speed</Category>
    <Units>BOOLEAN</Units>
    <Values>0 - 255</Values>
    <BitMask />
    <RowMajor>true</RowMajor>
    <Description> Enables the ECM to diagnose Wheel Speed Sensing faults in applications with Brake Control Modules which do not supply diagnostic results via CAN message $2F9. </Description>
    <MSB>true</MSB>
    <DispUnits>Undefined</DispUnits>
    <RefAddress>0004A0A2</RefAddress>
    <ExtraDescription />
    <ExtraCategories>Plat_Vehicle_Speed - Rte_kvsp.c</ExtraCategories>
    <ApplySearchForCount>0</ApplySearchForCount>
  </TableSeek>
  <TableSeek>
    <Categories />
    <Name>KeTOSR_e_TOS_EleclInterface</Name>
    <SearchStr />
    <Rows>1</Rows>
    <Columns>1</Columns>
    <RowHeaders />
    <ColHeaders>enum</ColHeaders>
    <Math>X</Math>
    <Offset>-3766484992</Offset>
    <ConditionalOffset>false</ConditionalOffset>
    <SignedOffset>true</SignedOffset>
    <DataType>SWORD</DataType>
    <Decimals>0</Decimals>
    <OutputType>Float</OutputType>
    <Min>-32768</Min>
    <Max>32767</Max>
    <UseHit>1</UseHit>
    <Range />
    <Segments />
    <Category>Plat_TOSS</Category>
    <Units>enum</Units>
    <Values>Enum: 3:CeTOSR_e_DSS1_EleclInterface,4:CeTOSR_e_UASS_EleclInterface,5:CeTOSR_e_RTOS_EleclInterface,6:CeTOSR_e_DSS2_EleclInterface</Values>
    <BitMask />
    <RowMajor>true</RowMajor>
    <Description> Indicates which TOS Electrical Interface to be used in a given application that has a TOS Sensor attached to it. </Description>
    <MSB>true</MSB>
    <DispUnits>Undefined</DispUnits>
    <RefAddress>0004A0A4</RefAddress>
    <ExtraDescription />
    <ExtraCategories>Plat_TOSS - Rte_kvsp.c</ExtraCategories>
    <ApplySearchForCount>0</ApplySearchForCount>
  </TableSeek>
</ArrayOfTableSeek>