<?xml version="1.0"?>
<ArrayOfSegmentSeek xmlns:xsi="http://www.w3.org/2001/XMLSchema-instance" xmlns:xsd="http://www.w3.org/2001/XMLSchema">
  <SegmentSeek>
    <Name>RSA</Name>
    <SearchStr>38 C0 00 00 3D 00 * * 39 08 * * 3F E0 00 80 3B</SearchStr>
    <Offset>0</Offset>
    <ConditionalOffset>false</ConditionalOffset>
    <SignedOffset>true</SignedOffset>
    <UseHit>1</UseHit>
    <Range />
    <Segments />
    <ValidationSearchStr />
    <Description />
    <MSB>true</MSB>
  </SegmentSeek>
  <SegmentSeek>
    <Name>sum1</Name>
    <SearchStr>40 @ @ 81 4A @ @ 81 2D * * 38 80 00</SearchStr>
    <Offset>0</Offset>
    <ConditionalOffset>false</ConditionalOffset>
    <SignedOffset>true</SignedOffset>
    <UseHit>1</UseHit>
    <Range />
    <Segments />
    <ValidationSearchStr />
    <Description />
    <MSB>true</MSB>
  </SegmentSeek>
  <SegmentSeek>
    <Name>sum1`</Name>
    <SearchStr>40 @ @ 81 4A @ @ 81 2D * * 38 80 00</SearchStr>
    <Offset>4</Offset>
    <ConditionalOffset>false</ConditionalOffset>
    <SignedOffset>true</SignedOffset>
    <UseHit>1</UseHit>
    <Range />
    <Segments />
    <ValidationSearchStr />
    <Description />
    <MSB>true</MSB>
  </SegmentSeek>
</ArrayOfSegmentSeek>