<?xml version="1.0"?>
<ArrayOfSegmentConfig xmlns:xsi="http://www.w3.org/2001/XMLSchema-instance" xmlns:xsd="http://www.w3.org/2001/XMLSchema">
  <SegmentConfig>
    <Name>OS</Name>
    <Version>1</Version>
    <Addresses />
    <SwapAddress />
    <CS1Address />
    <CS2Address />
    <Checksum1Method>None</Checksum1Method>
    <Checksum2Method>None</Checksum2Method>
    <CS1Blocks />
    <CS2Blocks />
    <CS1Complement>0</CS1Complement>
    <CS2Complement>0</CS2Complement>
    <CS1SwapBytes>false</CS1SwapBytes>
    <CS2SwapBytes>false</CS2SwapBytes>
    <CVN>0</CVN>
    <Eeprom>false</Eeprom>
    <PNAddr>seek:ver:9:text,seek:verOS:10:text</PNAddr>
    <VerAddr />
    <SegNrAddr />
    <ExtraInfo />
    <Comment />
    <CheckWords />
    <Hidden>false</Hidden>
    <Missing>false</Missing>
    <CS1Method>0</CS1Method>
    <CS2Method>0</CS2Method>
  </SegmentConfig>
  <SegmentConfig>
    <Name>Boot block 1</Name>
    <Addresses>0-1ffff</Addresses>
    <SwapAddress />
    <CS1Address>1ffc8:8:hex</CS1Address>
    <CS2Address>1ffd8:8:hex</CS2Address>
    <Checksum1Method>BoschInv</Checksum1Method>
    <Checksum2Method>BoschInv</Checksum2Method>
    <CS1Blocks>@1ffc0</CS1Blocks>
    <CS2Blocks>@1ffd0</CS2Blocks>
    <CS1Complement>0</CS1Complement>
    <CS2Complement>0</CS2Complement>
    <CS1SwapBytes>false</CS1SwapBytes>
    <CS2SwapBytes>false</CS2SwapBytes>
    <CVN>0</CVN>
    <Eeprom>false</Eeprom>
    <PNAddr />
    <VerAddr />
    <SegNrAddr />
    <ExtraInfo />
    <Comment />
    <CheckWords />
    <Hidden>true</Hidden>
    <Missing>false</Missing>
    <CS1Method>6</CS1Method>
    <CS2Method>6</CS2Method>
  </SegmentConfig>
  <SegmentConfig>
    <Name>Boot block 2</Name>
    <Addresses>0-1ffff</Addresses>
    <SwapAddress />
    <CS1Address>1ffe8:8:hex</CS1Address>
    <CS2Address>1fff8:8:hex</CS2Address>
    <Checksum1Method>BoschInv</Checksum1Method>
    <Checksum2Method>BoschInv</Checksum2Method>
    <CS1Blocks>@1ffe0</CS1Blocks>
    <CS2Blocks>@1fff0</CS2Blocks>
    <CS1Complement>0</CS1Complement>
    <CS2Complement>0</CS2Complement>
    <CS1SwapBytes>false</CS1SwapBytes>
    <CS2SwapBytes>false</CS2SwapBytes>
    <CVN>0</CVN>
    <Eeprom>false</Eeprom>
    <PNAddr />
    <VerAddr />
    <SegNrAddr />
    <ExtraInfo />
    <Comment />
    <CheckWords />
    <Hidden>true</Hidden>
    <Missing>false</Missing>
    <CS1Method>6</CS1Method>
    <CS2Method>6</CS2Method>
  </SegmentConfig>
  <SegmentConfig>
    <Name>OS-1</Name>
    <Version>1</Version>
    <Addresses>40000-1bffff</Addresses>
    <SwapAddress />
    <CS1Address>#0:2:hex</CS1Address>
    <CS2Address>#:4:hex</CS2Address>
    <Checksum1Method>Wordsum</Checksum1Method>
    <Checksum2Method>crc32</Checksum2Method>
    <CS1Blocks>40000-1bffff</CS1Blocks>
    <CS2Blocks>40000-1bffff</CS2Blocks>
    <CS1Complement>2</CS1Complement>
    <CS2Complement>0</CS2Complement>
    <CS1SwapBytes>false</CS1SwapBytes>
    <CS2SwapBytes>false</CS2SwapBytes>
    <CVN>2</CVN>
    <Eeprom>false</Eeprom>
    <PNAddr>#5:8:text</PNAddr>
    <VerAddr />
    <SegNrAddr>#3:1:int</SegNrAddr>
    <ExtraInfo />
    <Comment />
    <CheckWords />
    <Hidden>false</Hidden>
    <Missing>false</Missing>
    <CS1Method>4</CS1Method>
    <CS2Method>2</CS2Method>
  </SegmentConfig>
  <SegmentConfig>
    <Name>EngineOper</Name>
    <Addresses>1c2000-1FFFFF</Addresses>
    <SwapAddress />
    <CS1Address>#0:2:hex</CS1Address>
    <CS2Address>#:4:hex</CS2Address>
    <Checksum1Method>Wordsum</Checksum1Method>
    <Checksum2Method>crc32</Checksum2Method>
    <CS1Blocks>1c2000-1FFFFF</CS1Blocks>
    <CS2Blocks>1c2000-1FFFFF</CS2Blocks>
    <CS1Complement>2</CS1Complement>
    <CS2Complement>0</CS2Complement>
    <CS1SwapBytes>false</CS1SwapBytes>
    <CS2SwapBytes>false</CS2SwapBytes>
    <CVN>2</CVN>
    <Eeprom>false</Eeprom>
    <PNAddr>#5:8:text</PNAddr>
    <VerAddr />
    <SegNrAddr>#3:1:int</SegNrAddr>
    <ExtraInfo />
    <Comment />
    <CheckWords />
    <Hidden>false</Hidden>
    <Missing>false</Missing>
    <CS1Method>4</CS1Method>
    <CS2Method>2</CS2Method>
  </SegmentConfig>
  <SegmentConfig>
    <Name>Seg3_OS</Name>
    <Addresses>@201ff0&lt;1FFFFF</Addresses>
    <SwapAddress />
    <CS1Address>201ff8:8:hex</CS1Address>
    <CS2Address />
    <Checksum1Method>BoschInv</Checksum1Method>
    <Checksum2Method>None</Checksum2Method>
    <CS1Blocks>@201ff0&lt;1FFFFF</CS1Blocks>
    <CS2Blocks />
    <CS1Complement>0</CS1Complement>
    <CS2Complement>0</CS2Complement>
    <CS1SwapBytes>false</CS1SwapBytes>
    <CS2SwapBytes>false</CS2SwapBytes>
    <CVN>0</CVN>
    <Eeprom>false</Eeprom>
    <PNAddr />
    <VerAddr />
    <SegNrAddr />
    <ExtraInfo />
    <Comment />
    <CheckWords />
    <Hidden>true</Hidden>
    <Missing>false</Missing>
    <CS1Method>6</CS1Method>
    <CS2Method>0</CS2Method>
  </SegmentConfig>
  <SegmentConfig>
    <Name>Seg-3</Name>
    <Addresses>204000-27ffff</Addresses>
    <SwapAddress />
    <CS1Address>#0:2:hex</CS1Address>
    <CS2Address>#:4:hex</CS2Address>
    <Checksum1Method>Wordsum</Checksum1Method>
    <Checksum2Method>crc32</Checksum2Method>
    <CS1Blocks>204000-27ffff</CS1Blocks>
    <CS2Blocks>204000-27ffff</CS2Blocks>
    <CS1Complement>2</CS1Complement>
    <CS2Complement>0</CS2Complement>
    <CS1SwapBytes>false</CS1SwapBytes>
    <CS2SwapBytes>false</CS2SwapBytes>
    <CVN>2</CVN>
    <Eeprom>false</Eeprom>
    <PNAddr>#5:8:text</PNAddr>
    <VerAddr />
    <SegNrAddr>#3:1:int</SegNrAddr>
    <ExtraInfo />
    <Comment />
    <CheckWords />
    <Hidden>false</Hidden>
    <Missing>false</Missing>
    <CS1Method>4</CS1Method>
    <CS2Method>2</CS2Method>
  </SegmentConfig>
  <SegmentConfig>
    <Name>ECM extra info</Name>
    <Addresses />
    <SwapAddress />
    <CS1Address />
    <CS2Address />
    <Checksum1Method>None</Checksum1Method>
    <Checksum2Method>None</Checksum2Method>
    <CS1Blocks />
    <CS2Blocks />
    <CS1Complement>0</CS1Complement>
    <CS2Complement>0</CS2Complement>
    <CS1SwapBytes>false</CS1SwapBytes>
    <CS2SwapBytes>false</CS2SwapBytes>
    <CVN>0</CVN>
    <Eeprom>false</Eeprom>
    <PNAddr />
    <VerAddr />
    <SegNrAddr />
    <ExtraInfo>seek:info1:71:text,seek:info2:71:text</ExtraInfo>
    <Comment />
    <CheckWords />
    <Hidden>false</Hidden>
    <Missing>false</Missing>
    <CS1Method>0</CS1Method>
    <CS2Method>0</CS2Method>
  </SegmentConfig>
</ArrayOfSegmentConfig>