<?xml version="1.0"?>
<ArrayOfSegmentConfig xmlns:xsi="http://www.w3.org/2001/XMLSchema-instance" xmlns:xsd="http://www.w3.org/2001/XMLSchema">
  <SegmentConfig>
    <Name>OS</Name>
    <Version>1</Version>
    <Addresses>@cb026</Addresses>
    <CS1Address>cb020:2:hex</CS1Address>
    <CS2Address>cb000:2:hex</CS2Address>
    <Checksum1Method>crc16</Checksum1Method>
    <Checksum2Method>Wordsum</Checksum2Method>
    <CS1Blocks>@cb02e*3</CS1Blocks>
    <CS2Blocks>@cb046*2</CS2Blocks>
    <CS1Complement>0</CS1Complement>
    <CS2Complement>2</CS2Complement>
    <CS1SwapBytes>true</CS1SwapBytes>
    <CS2SwapBytes>false</CS2SwapBytes>
    <CVN>1</CVN>
    <Eeprom>false</Eeprom>
    <PNAddr>cb005:4:int</PNAddr>
    <VerAddr>cb009:2:text</VerAddr>
    <SegNrAddr>cb003:1:int</SegNrAddr>
    <ExtraInfo />
    <Comment />
    <CheckWords />
    <Hidden>false</Hidden>
    <Missing>false</Missing>
    <CS1Method>1</CS1Method>
    <CS2Method>4</CS2Method>
  </SegmentConfig>
  <SegmentConfig>
    <Name>System</Name>
    <Version />
    <Addresses>@cb05a</Addresses>
    <CS1Address>#20:2:hex</CS1Address>
    <CS2Address>#0:2:hex</CS2Address>
    <Checksum1Method>crc16</Checksum1Method>
    <Checksum2Method>Wordsum</Checksum2Method>
    <CS1Blocks>@cb062*2</CS1Blocks>
    <CS2Blocks>@cb072</CS2Blocks>
    <CS1Complement>0</CS1Complement>
    <CS2Complement>2</CS2Complement>
    <CS1SwapBytes>true</CS1SwapBytes>
    <CS2SwapBytes>false</CS2SwapBytes>
    <CVN>1</CVN>
    <Eeprom>false</Eeprom>
    <PNAddr>#5:4:int</PNAddr>
    <VerAddr>#9:2:text</VerAddr>
    <SegNrAddr>#3:1:int</SegNrAddr>
    <ExtraInfo />
    <Comment />
    <CheckWords />
    <Hidden>false</Hidden>
    <Missing>false</Missing>
    <CS1Method>1</CS1Method>
    <CS2Method>4</CS2Method>
  </SegmentConfig>
  <SegmentConfig>
    <Name>Fuel</Name>
    <Version />
    <Addresses>@cb07e</Addresses>
    <CS1Address>#20:2:hex</CS1Address>
    <CS2Address>#0:2:hex</CS2Address>
    <Checksum1Method>crc16</Checksum1Method>
    <Checksum2Method>Wordsum</Checksum2Method>
    <CS1Blocks>@cb086*2</CS1Blocks>
    <CS2Blocks>@cb096</CS2Blocks>
    <CS1Complement>0</CS1Complement>
    <CS2Complement>2</CS2Complement>
    <CS1SwapBytes>true</CS1SwapBytes>
    <CS2SwapBytes>false</CS2SwapBytes>
    <CVN>1</CVN>
    <Eeprom>false</Eeprom>
    <PNAddr>#5:4:int</PNAddr>
    <VerAddr>#9:2:text</VerAddr>
    <SegNrAddr>#3:1:int</SegNrAddr>
    <ExtraInfo />
    <Comment />
    <CheckWords />
    <Hidden>false</Hidden>
    <Missing>false</Missing>
    <CS1Method>1</CS1Method>
    <CS2Method>4</CS2Method>
  </SegmentConfig>
  <SegmentConfig>
    <Name>Speedo</Name>
    <Version />
    <Addresses>@cb0a2</Addresses>
    <CS1Address>#20:2:hex</CS1Address>
    <CS2Address>#0:2:hex</CS2Address>
    <Checksum1Method>crc16</Checksum1Method>
    <Checksum2Method>Wordsum</Checksum2Method>
    <CS1Blocks>@cb0aa*2</CS1Blocks>
    <CS2Blocks>@cb0ba</CS2Blocks>
    <CS1Complement>0</CS1Complement>
    <CS2Complement>2</CS2Complement>
    <CS1SwapBytes>true</CS1SwapBytes>
    <CS2SwapBytes>false</CS2SwapBytes>
    <CVN>1</CVN>
    <Eeprom>false</Eeprom>
    <PNAddr>#5:4:int</PNAddr>
    <VerAddr>#9:2:text</VerAddr>
    <SegNrAddr>#3:1:int</SegNrAddr>
    <ExtraInfo />
    <Comment />
    <CheckWords />
    <Hidden>false</Hidden>
    <Missing>false</Missing>
    <CS1Method>1</CS1Method>
    <CS2Method>4</CS2Method>
  </SegmentConfig>
  <SegmentConfig>
    <Name>EngineDiag</Name>
    <Version />
    <Addresses>@cb0c6</Addresses>
    <CS1Address>#20:2:hex</CS1Address>
    <CS2Address>#0:2:hex</CS2Address>
    <Checksum1Method>crc16</Checksum1Method>
    <Checksum2Method>Wordsum</Checksum2Method>
    <CS1Blocks>@cb0ce*2</CS1Blocks>
    <CS2Blocks>@cb0de</CS2Blocks>
    <CS1Complement>0</CS1Complement>
    <CS2Complement>2</CS2Complement>
    <CS1SwapBytes>true</CS1SwapBytes>
    <CS2SwapBytes>false</CS2SwapBytes>
    <CVN>1</CVN>
    <Eeprom>false</Eeprom>
    <PNAddr>#5:4:int</PNAddr>
    <VerAddr>#9:2:text</VerAddr>
    <SegNrAddr>#3:1:int</SegNrAddr>
    <ExtraInfo />
    <Comment />
    <CheckWords />
    <Hidden>false</Hidden>
    <Missing>false</Missing>
    <CS1Method>1</CS1Method>
    <CS2Method>4</CS2Method>
  </SegmentConfig>
  <SegmentConfig>
    <Name>ENG extra1</Name>
    <Version />
    <Addresses />
    <SwapAddress />
    <CS1Address>seek:cs1:4</CS1Address>
    <CS2Address>seek:cs2:4</CS2Address>
    <Checksum1Method>Wordsum</Checksum1Method>
    <Checksum2Method>Wordsum</Checksum2Method>
    <CS1Blocks>seek:start1-seek:end1</CS1Blocks>
    <CS2Blocks>seek:start2-seek:end2</CS2Blocks>
    <CS1Complement>2</CS1Complement>
    <CS2Complement>2</CS2Complement>
    <CS1SwapBytes>false</CS1SwapBytes>
    <CS2SwapBytes>false</CS2SwapBytes>
    <CVN>0</CVN>
    <Eeprom>false</Eeprom>
    <PNAddr />
    <VerAddr />
    <SegNrAddr />
    <ExtraInfo />
    <Comment />
    <CheckWords />
    <Hidden>true</Hidden>
    <Missing>false</Missing>
    <CS1Method>4</CS1Method>
    <CS2Method>4</CS2Method>
  </SegmentConfig>
  <SegmentConfig>
    <Name>ENG extra2</Name>
    <Version />
    <Addresses />
    <SwapAddress />
    <CS1Address>seek:cs3:4</CS1Address>
    <CS2Address />
    <Checksum1Method>Wordsum</Checksum1Method>
    <Checksum2Method>None</Checksum2Method>
    <CS1Blocks>seek:start3-seek:end3</CS1Blocks>
    <CS2Blocks />
    <CS1Complement>2</CS1Complement>
    <CS2Complement>0</CS2Complement>
    <CS1SwapBytes>false</CS1SwapBytes>
    <CS2SwapBytes>false</CS2SwapBytes>
    <CVN>0</CVN>
    <Eeprom>false</Eeprom>
    <PNAddr />
    <VerAddr />
    <SegNrAddr />
    <ExtraInfo />
    <Comment />
    <CheckWords />
    <Hidden>true</Hidden>
    <Missing>false</Missing>
    <CS1Method>4</CS1Method>
    <CS2Method>0</CS2Method>
  </SegmentConfig>
  <SegmentConfig>
    <Name>Engine</Name>
    <Version />
    <Addresses>@cb0ea</Addresses>
    <CS1Address>#20:2:hex</CS1Address>
    <CS2Address>#0:2:hex</CS2Address>
    <Checksum1Method>crc16</Checksum1Method>
    <Checksum2Method>Wordsum</Checksum2Method>
    <CS1Blocks>@cb0f2*2</CS1Blocks>
    <CS2Blocks>@cb102</CS2Blocks>
    <CS1Complement>0</CS1Complement>
    <CS2Complement>2</CS2Complement>
    <CS1SwapBytes>true</CS1SwapBytes>
    <CS2SwapBytes>false</CS2SwapBytes>
    <CVN>1</CVN>
    <Eeprom>false</Eeprom>
    <PNAddr>#5:4:int</PNAddr>
    <VerAddr>#9:2:text</VerAddr>
    <SegNrAddr>#3:1:int</SegNrAddr>
    <ExtraInfo />
    <Comment />
    <CheckWords />
    <Hidden>false</Hidden>
    <Missing>false</Missing>
    <CS1Method>1</CS1Method>
    <CS2Method>4</CS2Method>
  </SegmentConfig>
  <SegmentConfig>
    <Name>EEPROM_DATA</Name>
    <Version />
    <Addresses>Search</Addresses>
    <CS1Address />
    <CS2Address />
    <Checksum1Method>None</Checksum1Method>
    <Checksum2Method>None</Checksum2Method>
    <CS1Blocks />
    <CS2Blocks />
    <CS1Complement>2</CS1Complement>
    <CS2Complement>0</CS2Complement>
    <CS1SwapBytes>false</CS1SwapBytes>
    <CS2SwapBytes>false</CS2SwapBytes>
    <CVN>0</CVN>
    <Eeprom>false</Eeprom>
    <PNAddr>#6f0:8:text</PNAddr>
    <VerAddr>#70a:4:text</VerAddr>
    <SegNrAddr />
    <ExtraInfo>Vin:#484:17:text,Serial:#708:16:text,trace code:#47c:8:text,PCM:#70:48:text,PCMid2:#b0:15:text</ExtraInfo>
    <Comment />
    <CheckWords />
    <SearchAddresses>0000-3fff,1c000-1ffff</SearchAddresses>
    <Searchfor>a5a5:6d8:Y</Searchfor>
    <Hidden>false</Hidden>
    <Missing>false</Missing>
    <CS1Method>0</CS1Method>
    <CS2Method>0</CS2Method>
  </SegmentConfig>
</ArrayOfSegmentConfig>