<?xml version="1.0"?>
<ArrayOfSegmentConfig xmlns:xsi="http://www.w3.org/2001/XMLSchema-instance" xmlns:xsd="http://www.w3.org/2001/XMLSchema">
  <SegmentConfig>
    <Name>BootBlock</Name>
    <Version>3</Version>
    <Addresses>@922*2</Addresses>
    <CS1Address>#91c:2:hex</CS1Address>
    <CS2Address>#900:2:hex</CS2Address>
    <CS1Method>1</CS1Method>
    <CS2Method>4</CS2Method>
    <CS1Blocks>@932*3</CS1Blocks>
    <CS2Blocks>@94a*2</CS2Blocks>
    <CS1Complement>0</CS1Complement>
    <CS2Complement>2</CS2Complement>
    <CS1SwapBytes>true</CS1SwapBytes>
    <CS2SwapBytes>false</CS2SwapBytes>
    <CVN>1</CVN>
    <Eeprom>false</Eeprom>
    <PNAddr>#904:4:int</PNAddr>
    <VerAddr>#908:2:text</VerAddr>
    <SegNrAddr>#903:1:int</SegNrAddr>
    <ExtraInfo />
    <Comment />
    <CheckWords />
  </SegmentConfig>
  <SegmentConfig>
    <Name>OS</Name>
    <Addresses>@8022*2</Addresses>
    <CS1Address>#1c:2:hex</CS1Address>
    <CS2Address>#0:2:hex</CS2Address>
    <CS1Method>1</CS1Method>
    <CS2Method>4</CS2Method>
    <CS1Blocks>@8032*3</CS1Blocks>
    <CS2Blocks>@804a*2</CS2Blocks>
    <CS1Complement>0</CS1Complement>
    <CS2Complement>2</CS2Complement>
    <CS1SwapBytes>true</CS1SwapBytes>
    <CS2SwapBytes>false</CS2SwapBytes>
    <CVN>1</CVN>
    <Eeprom>false</Eeprom>
    <PNAddr>#4:4:int</PNAddr>
    <VerAddr>#8:2:text</VerAddr>
    <SegNrAddr>#2:1:int</SegNrAddr>
    <ExtraInfo />
    <Comment />
    <CheckWords />
  </SegmentConfig>
  <SegmentConfig>
    <Name>System</Name>
    <Addresses>@805E</Addresses>
    <CS1Address>#1C:2:hex</CS1Address>
    <CS2Address>#0:2:hex</CS2Address>
    <CS1Method>1</CS1Method>
    <CS2Method>4</CS2Method>
    <CS1Blocks>@8066*3</CS1Blocks>
    <CS2Blocks>@807E*2</CS2Blocks>
    <CS1Complement>0</CS1Complement>
    <CS2Complement>2</CS2Complement>
    <CS1SwapBytes>true</CS1SwapBytes>
    <CS2SwapBytes>false</CS2SwapBytes>
    <CVN>1</CVN>
    <Eeprom>false</Eeprom>
    <PNAddr>#4:4:int</PNAddr>
    <VerAddr>#8:2:text</VerAddr>
    <SegNrAddr>#2:1:int</SegNrAddr>
    <ExtraInfo />
    <Comment />
    <CheckWords />
  </SegmentConfig>
  <SegmentConfig>
    <Name>Fuel</Name>
    <Addresses>@8091</Addresses>
    <CS1Address>#1C:2:hex</CS1Address>
    <CS2Address>#0:2:hex</CS2Address>
    <CS1Method>1</CS1Method>
    <CS2Method>4</CS2Method>
    <CS1Blocks>@8099*3</CS1Blocks>
    <CS2Blocks>@80B1*2</CS2Blocks>
    <CS1Complement>0</CS1Complement>
    <CS2Complement>2</CS2Complement>
    <CS1SwapBytes>true</CS1SwapBytes>
    <CS2SwapBytes>false</CS2SwapBytes>
    <CVN>1</CVN>
    <Eeprom>false</Eeprom>
    <PNAddr>#4:4:int</PNAddr>
    <VerAddr>#8:2:text</VerAddr>
    <SegNrAddr>#2:1:int</SegNrAddr>
    <ExtraInfo />
    <Comment />
    <CheckWords />
  </SegmentConfig>
  <SegmentConfig>
    <Name>Speedo</Name>
    <Addresses>@80C4</Addresses>
    <CS1Address>#1C:2:hex</CS1Address>
    <CS2Address>#0:2:hex</CS2Address>
    <CS1Method>1</CS1Method>
    <CS2Method>4</CS2Method>
    <CS1Blocks>@80CC*3</CS1Blocks>
    <CS2Blocks>@80E4*2</CS2Blocks>
    <CS1Complement>0</CS1Complement>
    <CS2Complement>2</CS2Complement>
    <CS1SwapBytes>true</CS1SwapBytes>
    <CS2SwapBytes>false</CS2SwapBytes>
    <CVN>1</CVN>
    <Eeprom>false</Eeprom>
    <PNAddr>#4:4:int</PNAddr>
    <VerAddr>#8:2:text</VerAddr>
    <SegNrAddr>#2:1:int</SegNrAddr>
    <ExtraInfo />
    <Comment />
    <CheckWords />
  </SegmentConfig>
  <SegmentConfig>
    <Name>EngineDiag</Name>
    <Addresses>@80F7</Addresses>
    <CS1Address>#1C:2:hex</CS1Address>
    <CS2Address>#0:2:hex</CS2Address>
    <CS1Method>1</CS1Method>
    <CS2Method>4</CS2Method>
    <CS1Blocks>@80FF*3</CS1Blocks>
    <CS2Blocks>@8117*2</CS2Blocks>
    <CS1Complement>0</CS1Complement>
    <CS2Complement>2</CS2Complement>
    <CS1SwapBytes>true</CS1SwapBytes>
    <CS2SwapBytes>false</CS2SwapBytes>
    <CVN>1</CVN>
    <Eeprom>false</Eeprom>
    <PNAddr>#4:4:int</PNAddr>
    <VerAddr>#8:2:text</VerAddr>
    <SegNrAddr>#2:1:int</SegNrAddr>
    <ExtraInfo />
    <Comment />
    <CheckWords />
  </SegmentConfig>
  <SegmentConfig>
    <Name>Engine</Name>
    <Addresses>@812A</Addresses>
    <CS1Address>#1C:2:hex</CS1Address>
    <CS2Address>#0:2:hex</CS2Address>
    <CS1Method>1</CS1Method>
    <CS2Method>4</CS2Method>
    <CS1Blocks>@8132*3</CS1Blocks>
    <CS2Blocks>@814A*2</CS2Blocks>
    <CS1Complement>0</CS1Complement>
    <CS2Complement>2</CS2Complement>
    <CS1SwapBytes>true</CS1SwapBytes>
    <CS2SwapBytes>false</CS2SwapBytes>
    <CVN>1</CVN>
    <Eeprom>false</Eeprom>
    <PNAddr>#4:4:int</PNAddr>
    <VerAddr>#8:2:text</VerAddr>
    <SegNrAddr>#2:1:int</SegNrAddr>
    <ExtraInfo />
    <Comment />
    <CheckWords />
  </SegmentConfig>
  <SegmentConfig>
    <Name>Engine</Name>
    <Addresses>@815D</Addresses>
    <CS1Address>#1C:2:hex</CS1Address>
    <CS2Address>#0:2:hex</CS2Address>
    <CS1Method>1</CS1Method>
    <CS2Method>4</CS2Method>
    <CS1Blocks>@8165*3</CS1Blocks>
    <CS2Blocks>@817D*2</CS2Blocks>
    <CS1Complement>0</CS1Complement>
    <CS2Complement>2</CS2Complement>
    <CS1SwapBytes>true</CS1SwapBytes>
    <CS2SwapBytes>false</CS2SwapBytes>
    <CVN>1</CVN>
    <Eeprom>false</Eeprom>
    <PNAddr>#4:4:int</PNAddr>
    <VerAddr>#8:2:text</VerAddr>
    <SegNrAddr>#2:1:int</SegNrAddr>
    <ExtraInfo />
    <Comment />
    <CheckWords />
  </SegmentConfig>
  <SegmentConfig>
    <Name>EEPROM_DATA</Name>
    <Addresses>Search</Addresses>
    <CS1Address />
    <CS2Address />
    <CS1Method>0</CS1Method>
    <CS2Method>0</CS2Method>
    <CS1Blocks />
    <CS2Blocks />
    <CS1Complement>2</CS1Complement>
    <CS2Complement>0</CS2Complement>
    <CS1SwapBytes>false</CS1SwapBytes>
    <CS2SwapBytes>false</CS2SwapBytes>
    <CVN>0</CVN>
    <Eeprom>false</Eeprom>
    <PNAddr>#66:4:int</PNAddr>
    <VerAddr>#3e:4:text</VerAddr>
    <SegNrAddr />
    <ExtraInfo>PCM:#66:4:int,PCMid2:#6A:4:int,VIN:#e8:17:text,trace code:#50:18:text</ExtraInfo>
    <Comment />
    <CheckWords>a5a0:326:1cc:CWvin,a5a0:1da:b4:CWvin,a5a0:1be:b8:CWvin</CheckWords>
    <SearchAddresses>4000-5fff,6000-7fff</SearchAddresses>
    <Searchfor>a5a5:98:y</Searchfor>
  </SegmentConfig>
</ArrayOfSegmentConfig>