<?xml version="1.0"?>
<ArrayOfSegmentConfig xmlns:xsi="http://www.w3.org/2001/XMLSchema-instance" xmlns:xsd="http://www.w3.org/2001/XMLSchema">
  <SegmentConfig>
    <Name>Boot Block</Name>
    <Version>1</Version>
    <Addresses>@23025</Addresses>
    <SwapAddress>@23025</SwapAddress>
    <CS1Address>23020:2:hex</CS1Address>
    <CS2Address>23000:2:hex</CS2Address>
    <Checksum1Method>crc16</Checksum1Method>
    <Checksum2Method>Wordsum</Checksum2Method>
    <CS1Blocks>@2302d*3</CS1Blocks>
    <CS2Blocks>@23045*2</CS2Blocks>
    <CS1Complement>0</CS1Complement>
    <CS2Complement>2</CS2Complement>
    <CS1SwapBytes>true</CS1SwapBytes>
    <CS2SwapBytes>false</CS2SwapBytes>
    <CVN>0</CVN>
    <Eeprom>false</Eeprom>
    <PNAddr>23005:4:int</PNAddr>
    <VerAddr>23009:2:text</VerAddr>
    <SegNrAddr>23003:1:int</SegNrAddr>
    <ExtraInfo />
    <Comment />
    <CheckWords />
    <Hidden>false</Hidden>
    <Missing>false</Missing>
    <CS1Method>1</CS1Method>
    <CS2Method>4</CS2Method>
  </SegmentConfig>
  <SegmentConfig>
    <Name>OS</Name>
    <Version>1</Version>
    <Addresses>@140026</Addresses>
    <SwapAddress>@140026</SwapAddress>
    <CS1Address>#40020:2:hex</CS1Address>
    <CS2Address>#40000:2:hex</CS2Address>
    <Checksum1Method>crc16</Checksum1Method>
    <Checksum2Method>Wordsum</Checksum2Method>
    <CS1Blocks>@14002e*3</CS1Blocks>
    <CS2Blocks>@140046*2</CS2Blocks>
    <CS1Complement>0</CS1Complement>
    <CS2Complement>2</CS2Complement>
    <CS1SwapBytes>true</CS1SwapBytes>
    <CS2SwapBytes>false</CS2SwapBytes>
    <CVN>1</CVN>
    <Eeprom>false</Eeprom>
    <PNAddr>#40005:4:int</PNAddr>
    <VerAddr>#40009:2:text</VerAddr>
    <SegNrAddr>#40003:1:int</SegNrAddr>
    <ExtraInfo />
    <Comment />
    <CheckWords />
    <Hidden>false</Hidden>
    <Missing>false</Missing>
    <CS1Method>1</CS1Method>
    <CS2Method>4</CS2Method>
  </SegmentConfig>
  <SegmentConfig>
    <Name>Trans</Name>
    <Version />
    <Addresses>@14005a</Addresses>
    <SwapAddress>@14005a</SwapAddress>
    <CS1Address>#20:2:hex</CS1Address>
    <CS2Address>#0:2:hex</CS2Address>
    <Checksum1Method>crc16</Checksum1Method>
    <Checksum2Method>Wordsum</Checksum2Method>
    <CS1Blocks>@140062*2</CS1Blocks>
    <CS2Blocks>@140072</CS2Blocks>
    <CS1Complement>0</CS1Complement>
    <CS2Complement>2</CS2Complement>
    <CS1SwapBytes>true</CS1SwapBytes>
    <CS2SwapBytes>false</CS2SwapBytes>
    <CVN>1</CVN>
    <Eeprom>false</Eeprom>
    <PNAddr>#5:4:int</PNAddr>
    <VerAddr>#9:2:text</VerAddr>
    <SegNrAddr>#3:1:int</SegNrAddr>
    <ExtraInfo />
    <Comment />
    <CheckWords />
    <Hidden>false</Hidden>
    <Missing>false</Missing>
    <CS1Method>1</CS1Method>
    <CS2Method>4</CS2Method>
  </SegmentConfig>
  <SegmentConfig>
    <Name>TransDiag</Name>
    <Version />
    <Addresses>@14007e</Addresses>
    <SwapAddress>@14007e</SwapAddress>
    <CS1Address>#20:2:hex</CS1Address>
    <CS2Address>#0:2:hex</CS2Address>
    <Checksum1Method>crc16</Checksum1Method>
    <Checksum2Method>Wordsum</Checksum2Method>
    <CS1Blocks>@140086*2</CS1Blocks>
    <CS2Blocks>@140096</CS2Blocks>
    <CS1Complement>0</CS1Complement>
    <CS2Complement>2</CS2Complement>
    <CS1SwapBytes>true</CS1SwapBytes>
    <CS2SwapBytes>false</CS2SwapBytes>
    <CVN>1</CVN>
    <Eeprom>false</Eeprom>
    <PNAddr>#5:4:int</PNAddr>
    <VerAddr>#9:2:text</VerAddr>
    <SegNrAddr>#3:1:int</SegNrAddr>
    <ExtraInfo />
    <Comment />
    <CheckWords />
    <Hidden>false</Hidden>
    <Missing>false</Missing>
    <CS1Method>1</CS1Method>
    <CS2Method>4</CS2Method>
  </SegmentConfig>
  <SegmentConfig>
    <Name>System</Name>
    <Version />
    <Addresses>@1400a2</Addresses>
    <SwapAddress>@1400a2</SwapAddress>
    <CS1Address>#20:2:hex</CS1Address>
    <CS2Address>#0:2:hex</CS2Address>
    <Checksum1Method>crc16</Checksum1Method>
    <Checksum2Method>Wordsum</Checksum2Method>
    <CS1Blocks>@1400aa*2</CS1Blocks>
    <CS2Blocks>@1400ba</CS2Blocks>
    <CS1Complement>0</CS1Complement>
    <CS2Complement>2</CS2Complement>
    <CS1SwapBytes>true</CS1SwapBytes>
    <CS2SwapBytes>false</CS2SwapBytes>
    <CVN>1</CVN>
    <Eeprom>false</Eeprom>
    <PNAddr>#5:4:int</PNAddr>
    <VerAddr>#9:2:text</VerAddr>
    <SegNrAddr>#3:1:int</SegNrAddr>
    <ExtraInfo />
    <Comment />
    <CheckWords />
    <Hidden>false</Hidden>
    <Missing>false</Missing>
    <CS1Method>1</CS1Method>
    <CS2Method>4</CS2Method>
  </SegmentConfig>
</ArrayOfSegmentConfig>