<?xml version="1.0"?>
<ArrayOfSegmentConfig xmlns:xsi="http://www.w3.org/2001/XMLSchema-instance" xmlns:xsd="http://www.w3.org/2001/XMLSchema">
  <SegmentConfig>
    <Name>OS</Name>
    <Version>1</Version>
    <Addresses>0-0@</Addresses>
    <CS1Address>#6f294:4:hex</CS1Address>
    <CS2Address />
    <CS1Method>4</CS1Method>
    <CS2Method>2</CS2Method>
    <CS1Blocks>0-3fff,8000-6f293,6f298-6f2b7,6f2bc-0@</CS1Blocks>
    <CS2Blocks>0-0@</CS2Blocks>
    <CS1Complement>0</CS1Complement>
    <CS2Complement>0</CS2Complement>
    <CS1SwapBytes>false</CS1SwapBytes>
    <CS2SwapBytes>false</CS2SwapBytes>
    <CVN>2</CVN>
    <Eeprom>false</Eeprom>
    <PNAddr>#6f2b8:4:int</PNAddr>
    <VerAddr />
    <SegNrAddr />
    <ExtraInfo />
    <Comment />
    <CheckWords />
  </SegmentConfig>
</ArrayOfSegmentConfig>