<?xml version="1.0"?>
<ArrayOfSegmentSeek xmlns:xsi="http://www.w3.org/2001/XMLSchema-instance" xmlns:xsd="http://www.w3.org/2001/XMLSchema">
  <SegmentSeek>
    <Name>cs1</Name>
    <SearchStr>#00 0B FF FF 48 13 00 04 30 6E * * 00 04 44 44 30 6E * * 7C 63 00 34 68 53 00 04 +D32</SearchStr>
    <Offset>0</Offset>
    <ConditionalOffset>false</ConditionalOffset>
    <SignedOffset>false</SignedOffset>
    <UseHit>1</UseHit>
    <Range />
    <Segments />
    <ValidationSearchStr />
    <Description />
    <MSB>true</MSB>
  </SegmentSeek>
  <SegmentSeek>
    <Name>start1</Name>
    <SearchStr>#00 0B FF FF 48 13 00 04 30 6E * * 00 04 44 44 30 6E * * 7C 63 00 34 68 53 00 04 +D28</SearchStr>
    <Offset>0</Offset>
    <ConditionalOffset>false</ConditionalOffset>
    <SignedOffset>false</SignedOffset>
    <UseHit>1</UseHit>
    <Range />
    <Segments />
    <ValidationSearchStr />
    <Description />
    <MSB>true</MSB>
  </SegmentSeek>
  <SegmentSeek>
    <Name>end1</Name>
    <SearchStr>#00 0B FF FF 48 13 00 04 30 6E * * 00 04 44 44 30 6E * * 7C 63 00 34 68 53 00 04 +D32</SearchStr>
    <Offset>-1</Offset>
    <ConditionalOffset>false</ConditionalOffset>
    <SignedOffset>false</SignedOffset>
    <UseHit>1</UseHit>
    <Range />
    <Segments />
    <ValidationSearchStr />
    <Description />
    <MSB>true</MSB>
  </SegmentSeek>
  <SegmentSeek>
    <Name>cs2</Name>
    <SearchStr>#00 0B FF FF 48 13 00 04 30 6E * * 00 04 44 44 30 6E * * 7C 63 00 34 68 53 00 04 +D44</SearchStr>
    <Offset>0</Offset>
    <ConditionalOffset>false</ConditionalOffset>
    <SignedOffset>false</SignedOffset>
    <UseHit>1</UseHit>
    <Range />
    <Segments />
    <ValidationSearchStr />
    <Description />
    <MSB>true</MSB>
  </SegmentSeek>
  <SegmentSeek>
    <Name>start2</Name>
    <SearchStr>#00 0B FF FF 48 13 00 04 30 6E * * 00 04 44 44 30 6E * * 7C 63 00 34 68 53 00 04 +D40</SearchStr>
    <Offset>0</Offset>
    <ConditionalOffset>false</ConditionalOffset>
    <SignedOffset>false</SignedOffset>
    <UseHit>1</UseHit>
    <Range />
    <Segments />
    <ValidationSearchStr />
    <Description />
    <MSB>true</MSB>
  </SegmentSeek>
  <SegmentSeek>
    <Name>end2</Name>
    <SearchStr>#00 0B FF FF 48 13 00 04 30 6E * * 00 04 44 44 30 6E * * 7C 63 00 34 68 53 00 04 +D44</SearchStr>
    <Offset>-1</Offset>
    <ConditionalOffset>false</ConditionalOffset>
    <SignedOffset>false</SignedOffset>
    <UseHit>1</UseHit>
    <Range />
    <Segments />
    <ValidationSearchStr />
    <Description />
    <MSB>true</MSB>
  </SegmentSeek>
  <SegmentSeek>
    <Name>cs3</Name>
    <SearchStr>#00 0B FF FF 48 13 00 04 30 6E * * 00 04 44 44 30 6E * * 7C 63 00 34 68 53 00 04 +D56</SearchStr>
    <Offset>0</Offset>
    <ConditionalOffset>false</ConditionalOffset>
    <SignedOffset>false</SignedOffset>
    <UseHit>1</UseHit>
    <Range />
    <Segments />
    <ValidationSearchStr />
    <Description />
    <MSB>true</MSB>
  </SegmentSeek>
  <SegmentSeek>
    <Name>start3</Name>
    <SearchStr>#00 0B FF FF 48 13 00 04 30 6E * * 00 04 44 44 30 6E * * 7C 63 00 34 68 53 00 04 +D52</SearchStr>
    <Offset>0</Offset>
    <ConditionalOffset>false</ConditionalOffset>
    <SignedOffset>false</SignedOffset>
    <UseHit>1</UseHit>
    <Range />
    <Segments />
    <ValidationSearchStr />
    <Description />
    <MSB>true</MSB>
  </SegmentSeek>
  <SegmentSeek>
    <Name>end3</Name>
    <SearchStr>#00 0B FF FF 48 13 00 04 30 6E * * 00 04 44 44 30 6E * * 7C 63 00 34 68 53 00 04 +D56</SearchStr>
    <Offset>-1</Offset>
    <ConditionalOffset>false</ConditionalOffset>
    <SignedOffset>false</SignedOffset>
    <UseHit>1</UseHit>
    <Range />
    <Segments />
    <ValidationSearchStr />
    <Description />
    <MSB>true</MSB>
  </SegmentSeek>
  <SegmentSeek>
    <Name>cs4</Name>
    <SearchStr>#00 0B FF FF 48 13 00 04 30 6E * * 00 04 44 44 30 6E * * 7C 63 00 34 68 53 00 04 +D68</SearchStr>
    <Offset>0</Offset>
    <ConditionalOffset>false</ConditionalOffset>
    <SignedOffset>false</SignedOffset>
    <UseHit>1</UseHit>
    <Range />
    <Segments />
    <ValidationSearchStr />
    <Description />
    <MSB>true</MSB>
  </SegmentSeek>
  <SegmentSeek>
    <Name>start4</Name>
    <SearchStr>#00 0B FF FF 48 13 00 04 30 6E * * 00 04 44 44 30 6E * * 7C 63 00 34 68 53 00 04 +D64</SearchStr>
    <Offset>0</Offset>
    <ConditionalOffset>false</ConditionalOffset>
    <SignedOffset>false</SignedOffset>
    <UseHit>1</UseHit>
    <Range />
    <Segments />
    <ValidationSearchStr />
    <Description />
    <MSB>true</MSB>
  </SegmentSeek>
  <SegmentSeek>
    <Name>end4</Name>
    <SearchStr>#00 0B FF FF 48 13 00 04 30 6E * * 00 04 44 44 30 6E * * 7C 63 00 34 68 53 00 04 +D68</SearchStr>
    <Offset>-1</Offset>
    <ConditionalOffset>false</ConditionalOffset>
    <SignedOffset>false</SignedOffset>
    <UseHit>1</UseHit>
    <Range />
    <Segments />
    <ValidationSearchStr />
    <Description />
    <MSB>true</MSB>
  </SegmentSeek>
  <SegmentSeek>
    <Name>cs5</Name>
    <SearchStr>#00 0B FF FF 48 13 00 04 30 6E * * 00 04 44 44 30 6E * * 7C 63 00 34 68 53 00 04 +D80</SearchStr>
    <Offset>0</Offset>
    <ConditionalOffset>false</ConditionalOffset>
    <SignedOffset>false</SignedOffset>
    <UseHit>1</UseHit>
    <Range />
    <Segments />
    <ValidationSearchStr />
    <Description />
    <MSB>true</MSB>
  </SegmentSeek>
  <SegmentSeek>
    <Name>start5</Name>
    <SearchStr>#00 0B FF FF 48 13 00 04 30 6E * * 00 04 44 44 30 6E * * 7C 63 00 34 68 53 00 04 +D76</SearchStr>
    <Offset>0</Offset>
    <ConditionalOffset>false</ConditionalOffset>
    <SignedOffset>false</SignedOffset>
    <UseHit>1</UseHit>
    <Range />
    <Segments />
    <ValidationSearchStr />
    <Description />
    <MSB>true</MSB>
  </SegmentSeek>
  <SegmentSeek>
    <Name>end5</Name>
    <SearchStr>#00 0B FF FF 48 13 00 04 30 6E * * 00 04 44 44 30 6E * * 7C 63 00 34 68 53 00 04 +D80</SearchStr>
    <Offset>-1</Offset>
    <ConditionalOffset>false</ConditionalOffset>
    <SignedOffset>false</SignedOffset>
    <UseHit>1</UseHit>
    <Range />
    <Segments />
    <ValidationSearchStr />
    <Description />
    <MSB>true</MSB>
  </SegmentSeek>
</ArrayOfSegmentSeek>