<?xml version="1.0"?>
<ArrayOfSegmentConfig xmlns:xsi="http://www.w3.org/2001/XMLSchema-instance" xmlns:xsd="http://www.w3.org/2001/XMLSchema">
  <SegmentConfig>
    <Name>BootBlock</Name>
    <Version>4</Version>
    <Addresses>@fdc5</Addresses>
    <SwapAddress>@fdc5</SwapAddress>
    <CS1Address>#BDC0:2:hex</CS1Address>
    <CS2Address>#BDA0:2:hex</CS2Address>
    <CS1Method>1</CS1Method>
    <CS2Method>4</CS2Method>
    <CS1Blocks>@fdcd*3</CS1Blocks>
    <CS2Blocks>@fde5*2</CS2Blocks>
    <CS1Complement>0</CS1Complement>
    <CS2Complement>2</CS2Complement>
    <CS1SwapBytes>true</CS1SwapBytes>
    <CS2SwapBytes>false</CS2SwapBytes>
    <CVN>1</CVN>
    <Eeprom>false</Eeprom>
    <PNAddr>#BDA5:4:int</PNAddr>
    <VerAddr>#BDA9:2:text</VerAddr>
    <SegNrAddr>#BDA3:1:int</SegNrAddr>
    <ExtraInfo />
    <Comment />
    <CheckWords />
  </SegmentConfig>
  <SegmentConfig>
    <Name>OS</Name>
    <Addresses>@10026*3</Addresses>
    <SwapAddress>@10026*3</SwapAddress>
    <CS1Address>#20:2:hex</CS1Address>
    <CS2Address>#0:2:hex</CS2Address>
    <CS1Method>1</CS1Method>
    <CS2Method>4</CS2Method>
    <CS1Blocks>@1003E*4</CS1Blocks>
    <CS2Blocks>@1005E*3</CS2Blocks>
    <CS1Complement>0</CS1Complement>
    <CS2Complement>2</CS2Complement>
    <CS1SwapBytes>true</CS1SwapBytes>
    <CS2SwapBytes>false</CS2SwapBytes>
    <CVN>1</CVN>
    <Eeprom>false</Eeprom>
    <PNAddr>#5:4:int</PNAddr>
    <VerAddr>#9:2:text</VerAddr>
    <SegNrAddr>#3:1:int</SegNrAddr>
    <ExtraInfo />
    <Comment />
    <CheckWords />
  </SegmentConfig>
  <SegmentConfig>
    <Name>System</Name>
    <Addresses>@1007A</Addresses>
    <SwapAddress>@1007A</SwapAddress>
    <CS1Address>#20:2:hex</CS1Address>
    <CS2Address>#0:2:hex</CS2Address>
    <CS1Method>1</CS1Method>
    <CS2Method>4</CS2Method>
    <CS1Blocks>@10082*2</CS1Blocks>
    <CS2Blocks>@10092</CS2Blocks>
    <CS1Complement>0</CS1Complement>
    <CS2Complement>2</CS2Complement>
    <CS1SwapBytes>true</CS1SwapBytes>
    <CS2SwapBytes>false</CS2SwapBytes>
    <CVN>1</CVN>
    <Eeprom>false</Eeprom>
    <PNAddr>#5:4:int</PNAddr>
    <VerAddr>#9:2:text</VerAddr>
    <SegNrAddr>#3:1:int</SegNrAddr>
    <ExtraInfo />
    <Comment />
    <CheckWords />
  </SegmentConfig>
  <SegmentConfig>
    <Name>Fuel</Name>
    <Addresses>@1009E</Addresses>
    <SwapAddress>@1009E</SwapAddress>
    <CS1Address>#20:2:hex</CS1Address>
    <CS2Address>#0:2:hex</CS2Address>
    <CS1Method>1</CS1Method>
    <CS2Method>4</CS2Method>
    <CS1Blocks>@100A6*2</CS1Blocks>
    <CS2Blocks>@100B6</CS2Blocks>
    <CS1Complement>0</CS1Complement>
    <CS2Complement>2</CS2Complement>
    <CS1SwapBytes>true</CS1SwapBytes>
    <CS2SwapBytes>false</CS2SwapBytes>
    <CVN>1</CVN>
    <Eeprom>false</Eeprom>
    <PNAddr>#5:4:int</PNAddr>
    <VerAddr>#9:2:text</VerAddr>
    <SegNrAddr>#3:1:int</SegNrAddr>
    <ExtraInfo />
    <Comment />
    <CheckWords />
  </SegmentConfig>
  <SegmentConfig>
    <Name>Speedo</Name>
    <Addresses>@100C2</Addresses>
    <SwapAddress>@100C2</SwapAddress>
    <CS1Address>#20:2:hex</CS1Address>
    <CS2Address>#0:2:hex</CS2Address>
    <CS1Method>1</CS1Method>
    <CS2Method>4</CS2Method>
    <CS1Blocks>@100CA*2</CS1Blocks>
    <CS2Blocks>@100DA</CS2Blocks>
    <CS1Complement>0</CS1Complement>
    <CS2Complement>2</CS2Complement>
    <CS1SwapBytes>true</CS1SwapBytes>
    <CS2SwapBytes>false</CS2SwapBytes>
    <CVN>1</CVN>
    <Eeprom>false</Eeprom>
    <PNAddr>#5:4:int</PNAddr>
    <VerAddr>#9:2:text</VerAddr>
    <SegNrAddr>#3:1:int</SegNrAddr>
    <ExtraInfo />
    <Comment />
    <CheckWords />
  </SegmentConfig>
  <SegmentConfig>
    <Name>EngineDiag</Name>
    <Addresses>@100E6</Addresses>
    <SwapAddress>@100E6</SwapAddress>
    <CS1Address>#20:2:hex</CS1Address>
    <CS2Address>#0:2:hex</CS2Address>
    <CS1Method>1</CS1Method>
    <CS2Method>4</CS2Method>
    <CS1Blocks>@100EE*2</CS1Blocks>
    <CS2Blocks>@100FE</CS2Blocks>
    <CS1Complement>0</CS1Complement>
    <CS2Complement>2</CS2Complement>
    <CS1SwapBytes>true</CS1SwapBytes>
    <CS2SwapBytes>false</CS2SwapBytes>
    <CVN>1</CVN>
    <Eeprom>false</Eeprom>
    <PNAddr>#5:4:int</PNAddr>
    <VerAddr>#9:2:text</VerAddr>
    <SegNrAddr>#3:1:int</SegNrAddr>
    <ExtraInfo />
    <Comment />
    <CheckWords />
  </SegmentConfig>
  <SegmentConfig>
    <Name>Engine</Name>
    <Addresses>@1010A</Addresses>
    <SwapAddress>@1010A</SwapAddress>
    <CS1Address>#20:2:hex</CS1Address>
    <CS2Address>#0:2:hex</CS2Address>
    <CS1Method>1</CS1Method>
    <CS2Method>4</CS2Method>
    <CS1Blocks>@10112*2</CS1Blocks>
    <CS2Blocks>@10122</CS2Blocks>
    <CS1Complement>0</CS1Complement>
    <CS2Complement>2</CS2Complement>
    <CS1SwapBytes>true</CS1SwapBytes>
    <CS2SwapBytes>false</CS2SwapBytes>
    <CVN>1</CVN>
    <Eeprom>false</Eeprom>
    <PNAddr>#5:4:int</PNAddr>
    <VerAddr>#9:2:text</VerAddr>
    <SegNrAddr>#3:1:int</SegNrAddr>
    <ExtraInfo />
    <Comment />
    <CheckWords />
  </SegmentConfig>
  <SegmentConfig>
    <Name>EEPROM_DATA</Name>
    <Addresses>Search</Addresses>
    <SwapAddress>1C000-1FFFF</SwapAddress>
    <CS1Address />
    <CS2Address />
    <CS1Method>0</CS1Method>
    <CS2Method>0</CS2Method>
    <CS1Blocks />
    <CS2Blocks />
    <CS1Complement>2</CS1Complement>
    <CS2Complement>0</CS2Complement>
    <CS1SwapBytes>false</CS1SwapBytes>
    <CS2SwapBytes>false</CS2SwapBytes>
    <CVN>0</CVN>
    <Eeprom>false</Eeprom>
    <PNAddr>#3cc:4:int</PNAddr>
    <VerAddr>#3A0:10:text</VerAddr>
    <SegNrAddr />
    <ExtraInfo>Eeprom:#7:3:text,PCM:#3cc:4:int,PCM2:#3d0:4:int,VIN:#B4:17:text,trace code:#3b8:16:text,ProgramDate:#3ac:4:hex</ExtraInfo>
    <Comment />
    <CheckWords />
    <SearchAddresses>1C000-1DFFF,1E000-1FFFF</SearchAddresses>
    <Searchfor>a5a5:388:y</Searchfor>
  </SegmentConfig>
</ArrayOfSegmentConfig>