<?xml version="1.0"?>
<ArrayOfSegmentConfig xmlns:xsi="http://www.w3.org/2001/XMLSchema-instance" xmlns:xsd="http://www.w3.org/2001/XMLSchema">
  <SegmentConfig>
    <Name>OS</Name>
    <Version>1</Version>
    <Addresses>40000-1bffff</Addresses>
    <CS1Address>#0:2:hex</CS1Address>
    <CS2Address />
    <CS1Method>4</CS1Method>
    <CS2Method>2</CS2Method>
    <CS1Blocks>40002-1bffff</CS1Blocks>
    <CS2Blocks>40000-1bffff</CS2Blocks>
    <CS1Complement>2</CS1Complement>
    <CS2Complement>0</CS2Complement>
    <CS1SwapBytes>false</CS1SwapBytes>
    <CS2SwapBytes>false</CS2SwapBytes>
    <CVN>2</CVN>
    <Eeprom>false</Eeprom>
    <PNAddr>#5:8:text</PNAddr>
    <VerAddr />
    <SegNrAddr>#3:1:int</SegNrAddr>
    <ExtraInfo />
    <Comment />
    <CheckWords />
  </SegmentConfig>
  <SegmentConfig>
    <Name>EngineOper</Name>
    <Addresses>1c2000-1fffff</Addresses>
    <CS1Address>#0:2:hex</CS1Address>
    <CS2Address />
    <CS1Method>4</CS1Method>
    <CS2Method>2</CS2Method>
    <CS1Blocks>1c2002-1fffff</CS1Blocks>
    <CS2Blocks>1c2000-1fffff</CS2Blocks>
    <CS1Complement>2</CS1Complement>
    <CS2Complement>0</CS2Complement>
    <CS1SwapBytes>false</CS1SwapBytes>
    <CS2SwapBytes>false</CS2SwapBytes>
    <CVN>2</CVN>
    <Eeprom>false</Eeprom>
    <PNAddr>#5:8:text</PNAddr>
    <VerAddr />
    <SegNrAddr>#3:1:int</SegNrAddr>
    <ExtraInfo />
    <Comment />
    <CheckWords />
  </SegmentConfig>
</ArrayOfSegmentConfig>