<?xml version="1.0"?>
<ArrayOfSegmentConfig xmlns:xsi="http://www.w3.org/2001/XMLSchema-instance" xmlns:xsd="http://www.w3.org/2001/XMLSchema">
  <SegmentConfig>
    <Name>OS</Name>
    <Version>1</Version>
    <Addresses>2000-FFFF</Addresses>
    <SwapAddress>2000-FFFF</SwapAddress>
    <CS1Address>3806:2:hex</CS1Address>
    <CS2Address />
    <Checksum1Method>Bytesum</Checksum1Method>
    <Checksum2Method>None</Checksum2Method>
    <CS1Blocks>3808-FFFF</CS1Blocks>
    <CS2Blocks />
    <CS1Complement>0</CS1Complement>
    <CS2Complement>0</CS2Complement>
    <CS1SwapBytes>false</CS1SwapBytes>
    <CS2SwapBytes>false</CS2SwapBytes>
    <CVN>0</CVN>
    <Eeprom>false</Eeprom>
    <PNAddr>3815:8:text</PNAddr>
    <VerAddr>3825:1:int</VerAddr>
    <SegNrAddr>381e:2:text</SegNrAddr>
    <ExtraInfo>BCC:3820:4:text,Engine:3826:12:text,VIN:f88:17:text,serial:ff0:15:text</ExtraInfo>
    <Comment />
    <CheckWords />
    <Hidden>false</Hidden>
    <Missing>false</Missing>
    <CS1Method>3</CS1Method>
    <CS2Method>0</CS2Method>
  </SegmentConfig>
</ArrayOfSegmentConfig>