<?xml version="1.0"?>
<ArrayOfTableSeek xmlns:xsi="http://www.w3.org/2001/XMLSchema-instance" xmlns:xsd="http://www.w3.org/2001/XMLSchema">
  <TableSeek>
    <Name>hi oct spark06-07</Name>
    <SearchStr>00 03 * * 00 3c 3f e0 * * a3 ff * * 3c 60 @ @ 38 63 @ @</SearchStr>
    <Rows>33</Rows>
    <Columns>33</Columns>
    <RowHeaders>0.08,0.12,0.16,0.20,0.24,0.28,0.32,0.36,0.40,0.44,0.48,0.52,0.56,0.60,0.64,0.68,0.72,0.76,0.80,0.84,0.88,0.92,0.96,1.00,1.04,1.08,1.12,1.16,1.20,1.24,1.28,1.32,1.36</RowHeaders>
    <ColHeaders>0,200,400,600,800,1000,1200,1400,1600,1800,2000,2200,2400,2600,2800,3000,3200,3400,3600,3800,4000,4200,4400,4800,5200,5600,6000,6400,6800,7200,7600,8000,8200</ColHeaders>
    <Math>X/2</Math>
    <SavingMath>X*2</SavingMath>
    <Offset>3</Offset>
    <ConditionalOffset>true</ConditionalOffset>
    <SignedOffset>false</SignedOffset>
    <DataType>SBYTE</DataType>
    <Decimals>2</Decimals>
    <OutputType>Float</OutputType>
    <Min>0</Min>
    <Max>255</Max>
    <UseHit>1</UseHit>
    <Range />
    <Segments>1</Segments>
    <Units />
    <Values />
    <RowMajor>true</RowMajor>
    <Description />
    <MSB>true</MSB>
  </TableSeek>
  <TableSeek>
    <Name>hi oct spark08-11</Name>
    <SearchStr>00 03 * * 00 3c 3f a0 * * a3 bd * * 3c 60 @ @ 38 63 @ @</SearchStr>
    <Rows>33</Rows>
    <Columns>33</Columns>
    <RowHeaders>0.08,0.12,0.16,0.20,0.24,0.28,0.32,0.36,0.40,0.44,0.48,0.52,0.56,0.60,0.64,0.68,0.72,0.76,0.80,0.84,0.88,0.92,0.96,1.00,1.04,1.08,1.12,1.16,1.20,1.24,1.28,1.32,1.36</RowHeaders>
    <ColHeaders>0,200,400,600,800,1000,1200,1400,1600,1800,2000,2200,2400,2600,2800,3000,3200,3400,3600,3800,4000,4200,4400,4800,5200,5600,6000,6400,6800,7200,7600,8000,8200</ColHeaders>
    <Math>X/2</Math>
    <SavingMath>X*2</SavingMath>
    <Offset>3</Offset>
    <ConditionalOffset>false</ConditionalOffset>
    <SignedOffset>false</SignedOffset>
    <DataType>SBYTE</DataType>
    <Decimals>2</Decimals>
    <OutputType>Float</OutputType>
    <Min>0</Min>
    <Max>255</Max>
    <UseHit>1</UseHit>
    <Range />
    <Segments>1</Segments>
    <Units />
    <Values />
    <RowMajor>true</RowMajor>
    <Description />
    <MSB>true</MSB>
  </TableSeek>
  <TableSeek>
    <Name>hi oct spark12-15</Name>
    <SearchStr>00 03 * * 00 38 a3 ad * * 3c 60 @ @ 38 63 @ @</SearchStr>
    <Rows>33</Rows>
    <Columns>33</Columns>
    <RowHeaders>0.08,0.12,0.16,0.20,0.24,0.28,0.32,0.36,0.40,0.44,0.48,0.52,0.56,0.60,0.64,0.68,0.72,0.76,0.80,0.84,0.88,0.92,0.96,1.00,1.04,1.08,1.12,1.16,1.20,1.24,1.28,1.32,1.36</RowHeaders>
    <ColHeaders>0,200,400,600,800,1000,1200,1400,1600,1800,2000,2200,2400,2600,2800,3000,3200,3400,3600,3800,4000,4200,4400,4800,5200,5600,6000,6400,6800,7200,7600,8000,8200</ColHeaders>
    <Math>X/2</Math>
    <SavingMath>X*2</SavingMath>
    <Offset>3</Offset>
    <ConditionalOffset>false</ConditionalOffset>
    <SignedOffset>false</SignedOffset>
    <DataType>SBYTE</DataType>
    <Decimals>2</Decimals>
    <OutputType>Float</OutputType>
    <Min>0</Min>
    <Max>255</Max>
    <UseHit>1</UseHit>
    <Range />
    <Segments>1</Segments>
    <Units />
    <Values />
    <RowMajor>true</RowMajor>
    <Description />
    <MSB>true</MSB>
  </TableSeek>
  <TableSeek>
    <Name>hi oct spark</Name>
    <SearchStr>#k21 r21 02</SearchStr>
    <Rows>0</Rows>
    <Columns>0</Columns>
    <RowHeaders>0.08,0.12,0.16,0.20,0.24,0.28,0.32,0.36,0.40,0.44,0.48,0.52,0.56,0.60,0.64,0.68,0.72,0.76,0.80,0.84,0.88,0.92,0.96,1.00,1.04,1.08,1.12,1.16,1.20,1.24,1.28,1.32,1.36</RowHeaders>
    <ColHeaders>0,200,400,600,800,1000,1200,1400,1600,1800,2000,2200,2400,2600,2800,3000,3200,3400,3600,3800,4000,4200,4400,4800,5200,5600,6000,6400,6800,7200,7600,8000,8200</ColHeaders>
    <Math>X/2</Math>
    <SavingMath>X*2</SavingMath>
    <Offset>3</Offset>
    <ConditionalOffset>false</ConditionalOffset>
    <SignedOffset>false</SignedOffset>
    <DataType>SBYTE</DataType>
    <Decimals>2</Decimals>
    <OutputType>Float</OutputType>
    <Min>0</Min>
    <Max>255</Max>
    <UseHit>1</UseHit>
    <Range />
    <Segments />
    <ValidationSearchStr>3C 60 @ @ 38 63 @ @</ValidationSearchStr>
    <Units />
    <Values />
    <RowMajor>true</RowMajor>
    <Description />
    <MSB>true</MSB>
  </TableSeek>
  <TableSeek>
    <Name>low oct spark</Name>
    <SearchStr>#k21 r21 02</SearchStr>
    <Rows>0</Rows>
    <Columns>0</Columns>
    <RowHeaders>0.08,0.12,0.16,0.20,0.24,0.28,0.32,0.36,0.40,0.44,0.48,0.52,0.56,0.60,0.64,0.68,0.72,0.76,0.80,0.84,0.88,0.92,0.96,1.00,1.04,1.08,1.12,1.16,1.20,1.24,1.28,1.32,1.36</RowHeaders>
    <ColHeaders>0,200,400,600,800,1000,1200,1400,1600,1800,2000,2200,2400,2600,2800,3000,3200,3400,3600,3800,4000,4200,4400,4800,5200,5600,6000,6400,6800,7200,7600,8000,8200</ColHeaders>
    <Math>X/2</Math>
    <SavingMath>X*2</SavingMath>
    <Offset>3</Offset>
    <ConditionalOffset>false</ConditionalOffset>
    <SignedOffset>false</SignedOffset>
    <DataType>SBYTE</DataType>
    <Decimals>2</Decimals>
    <OutputType>Float</OutputType>
    <Min>0</Min>
    <Max>255</Max>
    <UseHit>2</UseHit>
    <Range />
    <Segments />
    <ValidationSearchStr>3C 60 @ @ 38 63 @ @</ValidationSearchStr>
    <Units />
    <Values />
    <RowMajor>true</RowMajor>
    <Description />
    <MSB>true</MSB>
  </TableSeek>
  <TableSeek>
    <Name>IAT spark corr</Name>
    <SearchStr>#21 21 02</SearchStr>
    <Rows>33</Rows>
    <Columns>33</Columns>
    <RowHeaders>-40,-35,-30,-25,-20,-15,-10,-5,0,5,10,15,20,25,30,35,40,45,50,55,60,65,70,75,80,85,90,95,100,105,110,115,120</RowHeaders>
    <ColHeaders>0,200,400,600,800,1000,1200,1400,1600,1800,2000,2200,2400,2600,2800,3000,3200,3400,3600,3800,4000,4200,4400,4800,5200,5600,6000,6400,6800,7200,7600,8000,8200</ColHeaders>
    <Math>X/2</Math>
    <SavingMath>X*2</SavingMath>
    <Offset>3</Offset>
    <ConditionalOffset>false</ConditionalOffset>
    <SignedOffset>false</SignedOffset>
    <DataType>SBYTE</DataType>
    <Decimals>2</Decimals>
    <OutputType>Float</OutputType>
    <Min>0</Min>
    <Max>255</Max>
    <UseHit>3</UseHit>
    <Range />
    <Segments />
    <ValidationSearchStr>3C 60 @ @ 38 63 @ @</ValidationSearchStr>
    <Units />
    <Values />
    <RowMajor>true</RowMajor>
    <Description />
    <MSB>true</MSB>
  </TableSeek>
  <TableSeek>
    <Name>Base idle spark</Name>
    <SearchStr>#21 21 02</SearchStr>
    <Rows>33</Rows>
    <Columns>33</Columns>
    <RowHeaders>0.08,0.12,0.16,0.20,0.24,0.28,0.32,0.36,0.40,0.44,0.48,0.52,0.56,0.60,0.64,0.68,0.72,0.76,0.80,0.84,0.88,0.92,0.96,1.00,1.04,1.08,1.12,1.16,1.20,1.24,1.28,1.32,1.36</RowHeaders>
    <ColHeaders>0,200,400,600,800,1000,1200,1400,1600,1800,2000,2200,2400,2600,2800,3000,3200,3400,3600,3800,4000,4200,4400,4800,5200,5600,6000,6400,6800,7200,7600,8000,8200</ColHeaders>
    <Math>X/2</Math>
    <SavingMath>X*2</SavingMath>
    <Offset>3</Offset>
    <ConditionalOffset>false</ConditionalOffset>
    <SignedOffset>false</SignedOffset>
    <DataType>SBYTE</DataType>
    <Decimals>2</Decimals>
    <OutputType>Float</OutputType>
    <Min>0</Min>
    <Max>255</Max>
    <UseHit>4</UseHit>
    <Range />
    <Segments />
    <ValidationSearchStr>@ @ * * @ @</ValidationSearchStr>
    <Units />
    <Values />
    <RowMajor>true</RowMajor>
    <Description />
    <MSB>true</MSB>
  </TableSeek>
  <TableSeek>
    <Name>coast down spark</Name>
    <SearchStr># 21 21 02</SearchStr>
    <Rows>33</Rows>
    <Columns>33</Columns>
    <RowHeaders>0.08,0.12,0.16,0.20,0.24,0.28,0.32,0.36,0.40,0.44,0.48,0.52,0.56,0.60,0.64,0.68,0.72,0.76,0.80,0.84,0.88,0.92,0.96,1.00,1.04,1.08,1.12,1.16,1.20,1.24,1.28,1.32,1.36</RowHeaders>
    <ColHeaders>0,200,400,600,800,1000,1200,1400,1600,1800,2000,2200,2400,2600,2800,3000,3200,3400,3600,3800,4000,4200,4400,4800,5200,5600,6000,6400,6800,7200,7600,8000,8200</ColHeaders>
    <Math>X/2</Math>
    <SavingMath>X*2</SavingMath>
    <Offset>4</Offset>
    <ConditionalOffset>false</ConditionalOffset>
    <SignedOffset>false</SignedOffset>
    <DataType>SBYTE</DataType>
    <Decimals>2</Decimals>
    <OutputType>Float</OutputType>
    <Min>0</Min>
    <Max>255</Max>
    <UseHit>5</UseHit>
    <Range />
    <Segments>6</Segments>
    <Units />
    <Values />
    <RowMajor>true</RowMajor>
    <Description />
    <MSB>true</MSB>
  </TableSeek>
  <TableSeek>
    <Name>Flex fuel spark</Name>
    <SearchStr># 21 21 02</SearchStr>
    <Rows>33</Rows>
    <Columns>33</Columns>
    <RowHeaders>0.08,0.12,0.16,0.20,0.24,0.28,0.32,0.36,0.40,0.44,0.48,0.52,0.56,0.60,0.64,0.68,0.72,0.76,0.80,0.84,0.88,0.92,0.96,1.00,1.04,1.08,1.12,1.16,1.20,1.24,1.28,1.32,1.36</RowHeaders>
    <ColHeaders>0,200,400,600,800,1000,1200,1400,1600,1800,2000,2200,2400,2600,2800,3000,3200,3400,3600,3800,4000,4200,4400,4800,5200,5600,6000,6400,6800,7200,7600,8000,8200</ColHeaders>
    <Math>X/2</Math>
    <SavingMath>X*2</SavingMath>
    <Offset>4</Offset>
    <ConditionalOffset>false</ConditionalOffset>
    <SignedOffset>false</SignedOffset>
    <DataType>SBYTE</DataType>
    <Decimals>2</Decimals>
    <OutputType>Float</OutputType>
    <Min>0</Min>
    <Max>255</Max>
    <UseHit>6</UseHit>
    <Range />
    <Segments>6</Segments>
    <Units />
    <Values />
    <RowMajor>true</RowMajor>
    <Description />
    <MSB>true</MSB>
  </TableSeek>
  <TableSeek>
    <Name>Dfco min spark,egr, misfire limit</Name>
    <SearchStr># 21 21 02</SearchStr>
    <Rows>33</Rows>
    <Columns>33</Columns>
    <RowHeaders>0.08,0.12,0.16,0.20,0.24,0.28,0.32,0.36,0.40,0.44,0.48,0.52,0.56,0.60,0.64,0.68,0.72,0.76,0.80,0.84,0.88,0.92,0.96,1.00,1.04,1.08,1.12,1.16,1.20,1.24,1.28,1.32,1.36</RowHeaders>
    <ColHeaders>0,200,400,600,800,1000,1200,1400,1600,1800,2000,2200,2400,2600,2800,3000,3200,3400,3600,3800,4000,4200,4400,4800,5200,5600,6000,6400,6800,7200,7600,8000,8200</ColHeaders>
    <Math>X/2</Math>
    <SavingMath>X*2</SavingMath>
    <Offset>4</Offset>
    <ConditionalOffset>false</ConditionalOffset>
    <SignedOffset>false</SignedOffset>
    <DataType>SBYTE</DataType>
    <Decimals>2</Decimals>
    <OutputType>Float</OutputType>
    <Min>0</Min>
    <Max>255</Max>
    <UseHit>7</UseHit>
    <Range />
    <Segments>6</Segments>
    <Units />
    <Values />
    <RowMajor>true</RowMajor>
    <Description />
    <MSB>true</MSB>
  </TableSeek>
  <TableSeek>
    <Name>HalfCylBaseHiOctane Spark</Name>
    <SearchStr># 11 21 02</SearchStr>
    <Rows>33</Rows>
    <Columns>17</Columns>
    <RowHeaders>0.08,0.12,0.16,0.20,0.24,0.28,0.32,0.36,0.40,0.44,0.48,0.52,0.56,0.60,0.64,0.68,0.72,0.76,0.80,0.84,0.88,0.92,0.96,1.00,1.04,1.08,1.12,1.16,1.20,1.24,1.28,1.32,1.36</RowHeaders>
    <ColHeaders>400,800,1200,1600,2000,2400,2800,3200,3600,4000,4400,4800,5200,5600,6000,6400,6800</ColHeaders>
    <Math>X/2</Math>
    <SavingMath>X*2</SavingMath>
    <Offset>4</Offset>
    <ConditionalOffset>false</ConditionalOffset>
    <SignedOffset>false</SignedOffset>
    <DataType>SBYTE</DataType>
    <Decimals>2</Decimals>
    <OutputType>Float</OutputType>
    <Min>0</Min>
    <Max>255</Max>
    <UseHit>1</UseHit>
    <Range />
    <Segments>6</Segments>
    <Units />
    <Values />
    <RowMajor>true</RowMajor>
    <Description />
    <MSB>true</MSB>
  </TableSeek>
  <TableSeek>
    <Name>HalfCylBaseLowOctane</Name>
    <SearchStr># 11 21 02</SearchStr>
    <Rows>33</Rows>
    <Columns>17</Columns>
    <RowHeaders>0.08,0.12,0.16,0.20,0.24,0.28,0.32,0.36,0.40,0.44,0.48,0.52,0.56,0.60,0.64,0.68,0.72,0.76,0.80,0.84,0.88,0.92,0.96,1.00,1.04,1.08,1.12,1.16,1.20,1.24,1.28,1.32,1.36</RowHeaders>
    <ColHeaders>400,800,1200,1600,2000,2400,2800,3200,3600,4000,4400,4800,5200,5600,6000,6400,6800</ColHeaders>
    <Math>X/2</Math>
    <SavingMath>X*2</SavingMath>
    <Offset>4</Offset>
    <ConditionalOffset>false</ConditionalOffset>
    <SignedOffset>false</SignedOffset>
    <DataType>SBYTE</DataType>
    <Decimals>2</Decimals>
    <OutputType>Float</OutputType>
    <Min>0</Min>
    <Max>255</Max>
    <UseHit>2</UseHit>
    <Range />
    <Segments>6</Segments>
    <Units />
    <Values />
    <RowMajor>true</RowMajor>
    <Description />
    <MSB>true</MSB>
  </TableSeek>
  <TableSeek>
    <Name>EGR SPARK</Name>
    <SearchStr># 11 21 02</SearchStr>
    <Rows>33</Rows>
    <Columns>17</Columns>
    <RowHeaders>0.08,0.12,0.16,0.20,0.24,0.28,0.32,0.36,0.40,0.44,0.48,0.52,0.56,0.60,0.64,0.68,0.72,0.76,0.80,0.84,0.88,0.92,0.96,1.00,1.04,1.08,1.12,1.16,1.20,1.24,1.28,1.32,1.36</RowHeaders>
    <ColHeaders>400,800,1200,1600,2000,2400,2800,3200,3600,4000,4400,4800,5200,5600,6000,6400,6800</ColHeaders>
    <Math>X/2</Math>
    <SavingMath>X*2</SavingMath>
    <Offset>4</Offset>
    <ConditionalOffset>false</ConditionalOffset>
    <SignedOffset>false</SignedOffset>
    <DataType>SBYTE</DataType>
    <Decimals>2</Decimals>
    <OutputType>Float</OutputType>
    <Min>0</Min>
    <Max>255</Max>
    <UseHit>3</UseHit>
    <Range />
    <Segments>6</Segments>
    <Units />
    <Values />
    <RowMajor>true</RowMajor>
    <Description />
    <MSB>true</MSB>
  </TableSeek>
  <TableSeek>
    <Name>Cam phaser spark table</Name>
    <SearchStr># 11 21 02</SearchStr>
    <Rows>33</Rows>
    <Columns>17</Columns>
    <RowHeaders>0.08,0.12,0.16,0.20,0.24,0.28,0.32,0.36,0.40,0.44,0.48,0.52,0.56,0.60,0.64,0.68,0.72,0.76,0.80,0.84,0.88,0.92,0.96,1.00,1.04,1.08,1.12,1.16,1.20,1.24,1.28,1.32,1.36</RowHeaders>
    <ColHeaders>400,800,1200,1600,2000,2400,2800,3200,3600,4000,4400,4800,5200,5600,6000,6400,6800</ColHeaders>
    <Math>X/2</Math>
    <SavingMath>X*2</SavingMath>
    <Offset>4</Offset>
    <ConditionalOffset>false</ConditionalOffset>
    <SignedOffset>false</SignedOffset>
    <DataType>SBYTE</DataType>
    <Decimals>2</Decimals>
    <OutputType>Float</OutputType>
    <Min>0</Min>
    <Max>255</Max>
    <UseHit>4</UseHit>
    <Range />
    <Segments>6</Segments>
    <Units />
    <Values />
    <RowMajor>true</RowMajor>
    <Description />
    <MSB>true</MSB>
  </TableSeek>
  <TableSeek>
    <Name>EGR dod spark</Name>
    <SearchStr># 11 21 02</SearchStr>
    <Rows>33</Rows>
    <Columns>17</Columns>
    <RowHeaders>0.08,0.12,0.16,0.20,0.24,0.28,0.32,0.36,0.40,0.44,0.48,0.52,0.56,0.60,0.64,0.68,0.72,0.76,0.80,0.84,0.88,0.92,0.96,1.00,1.04,1.08,1.12,1.16,1.20,1.24,1.28,1.32,1.36</RowHeaders>
    <ColHeaders>400,800,1200,1600,2000,2400,2800,3200,3600,4000,4400,4800,5200,5600,6000,6400,6800</ColHeaders>
    <Math>X/2</Math>
    <SavingMath>X*2</SavingMath>
    <Offset>4</Offset>
    <ConditionalOffset>false</ConditionalOffset>
    <SignedOffset>false</SignedOffset>
    <DataType>SBYTE</DataType>
    <Decimals>2</Decimals>
    <OutputType>Float</OutputType>
    <Min>0</Min>
    <Max>255</Max>
    <UseHit>5</UseHit>
    <Range />
    <Segments>6</Segments>
    <Units />
    <Values />
    <RowMajor>true</RowMajor>
    <Description />
    <MSB>true</MSB>
  </TableSeek>
  <TableSeek>
    <Name>Coolant spark correction</Name>
    <SearchStr># 11 21 02</SearchStr>
    <Rows>33</Rows>
    <Columns>17</Columns>
    <RowHeaders>0.08,0.12,0.16,0.20,0.24,0.28,0.32,0.36,0.40,0.44,0.48,0.52,0.56,0.60,0.64,0.68,0.72,0.76,0.80,0.84,0.88,0.92,0.96,1.00,1.04,1.08,1.12,1.16,1.20,1.24,1.28,1.32,1.36</RowHeaders>
    <ColHeaders>-20,-10,0,10,20,30,40,50,60,70,80,90,100,110,120,130,140</ColHeaders>
    <Math>X/2</Math>
    <SavingMath>X*2</SavingMath>
    <Offset>4</Offset>
    <ConditionalOffset>false</ConditionalOffset>
    <SignedOffset>false</SignedOffset>
    <DataType>SBYTE</DataType>
    <Decimals>2</Decimals>
    <OutputType>Float</OutputType>
    <Min>0</Min>
    <Max>255</Max>
    <UseHit>6</UseHit>
    <Range />
    <Segments>6</Segments>
    <Units />
    <Values />
    <RowMajor>true</RowMajor>
    <Description />
    <MSB>true</MSB>
  </TableSeek>
  <TableSeek>
    <Name>Clutch Fuel Cut Off rpm/GmCyl</Name>
    <SearchStr># 21 09 02</SearchStr>
    <Rows>9</Rows>
    <Columns>33</Columns>
    <RowHeaders>0.08,0.12,0.16,0.20,0.24,0.28,0.32,0.36,0.40,0.44,0.48,0.52,0.56,0.60,0.64,0.68,0.72,0.76,0.80,0.84,0.88,0.92,0.96,1.00,1.04,1.08,1.12,1.16,1.20,1.24,1.28,1.32,1.36</RowHeaders>
    <ColHeaders>0,200,400,600,800,1000,1200,1400,1600,1800,2000,2200,2400,2600,2800,3000,3200,3400,3600,3800,4000,4200,4400,4800,5200,5600,6000,6400,6800,7200,7600,8000,8200</ColHeaders>
    <Math>X/2</Math>
    <SavingMath>X*2</SavingMath>
    <Offset>4</Offset>
    <ConditionalOffset>false</ConditionalOffset>
    <SignedOffset>false</SignedOffset>
    <DataType>SBYTE</DataType>
    <Decimals>2</Decimals>
    <OutputType>Float</OutputType>
    <Min>0</Min>
    <Max>255</Max>
    <UseHit>1</UseHit>
    <Range />
    <Segments>6</Segments>
    <Units />
    <Values />
    <RowMajor>true</RowMajor>
    <Description />
    <MSB>true</MSB>
  </TableSeek>
  <TableSeek>
    <Name>IdlePN_CatLightBase</Name>
    <SearchStr>#00 k11 00 r21 </SearchStr>
    <Rows>0</Rows>
    <Columns>0</Columns>
    <RowHeaders />
    <ColHeaders />
    <Math>x/128</Math>
    <SavingMath>x*128</SavingMath>
    <Offset>4</Offset>
    <ConditionalOffset>false</ConditionalOffset>
    <SignedOffset>false</SignedOffset>
    <DataType>SWORD</DataType>
    <Decimals>2</Decimals>
    <OutputType>Float</OutputType>
    <Min>0</Min>
    <Max>255</Max>
    <UseHit>1</UseHit>
    <Range />
    <Segments>2,3,4,5</Segments>
    <ValidationSearchStr>3C 60 @ @ 38 63 @ @, 3C 60 @ @ * * * * 38 63 @ @,3C 60 @ @ * * * * * * * * 38 63 @ @</ValidationSearchStr>
    <Units />
    <Values />
    <RowMajor>true</RowMajor>
    <Description>Base catalyst light off spark table when in Park or Neutral during idle</Description>
    <MSB>true</MSB>
  </TableSeek>
  <TableSeek>
    <Name>IdleDR_CatLightBase</Name>
    <SearchStr>#00 k11 00 r21 </SearchStr>
    <Rows>0</Rows>
    <Columns>0</Columns>
    <RowHeaders />
    <ColHeaders />
    <Math>x/128</Math>
    <SavingMath>x*128</SavingMath>
    <Offset>4</Offset>
    <ConditionalOffset>false</ConditionalOffset>
    <SignedOffset>false</SignedOffset>
    <DataType>SWORD</DataType>
    <Decimals>2</Decimals>
    <OutputType>Float</OutputType>
    <Min>0</Min>
    <Max>255</Max>
    <UseHit>2</UseHit>
    <Range />
    <Segments>2,3,4,5</Segments>
    <ValidationSearchStr>3C 60 @ @ 38 63 @ @, 3C 60 @ @ * * * * 38 63 @ @,3C 60 @ @ * * * * * * * * 38 63 @ @</ValidationSearchStr>
    <Units />
    <Values />
    <RowMajor>true</RowMajor>
    <Description>Base catalyst light off spark table when in Drive or Reverse during idle</Description>
    <MSB>true</MSB>
  </TableSeek>
  <TableSeek>
    <Name>CatLightBase SPARK</Name>
    <SearchStr>#00 k11 00 r21 </SearchStr>
    <Rows>0</Rows>
    <Columns>0</Columns>
    <RowHeaders />
    <ColHeaders />
    <Math>x/128</Math>
    <SavingMath>x*128</SavingMath>
    <Offset>4</Offset>
    <ConditionalOffset>false</ConditionalOffset>
    <SignedOffset>false</SignedOffset>
    <DataType>SWORD</DataType>
    <Decimals>2</Decimals>
    <OutputType>Float</OutputType>
    <Min>0</Min>
    <Max>255</Max>
    <UseHit>3</UseHit>
    <Range />
    <Segments>2,3,4,5</Segments>
    <ValidationSearchStr>3C 60 @ @ 38 63 @ @, 3C 60 @ @ * * * * 38 63 @ @,3C 60 @ @ * * * * * * * * 38 63 @ @</ValidationSearchStr>
    <Units />
    <Values />
    <RowMajor>true</RowMajor>
    <Description> Base catalyst light off spark table</Description>
    <MSB>true</MSB>
  </TableSeek>
  <TableSeek>
    <Name>SpeedLoadOffset</Name>
    <SearchStr>#00 k11 00 r21 </SearchStr>
    <Rows>0</Rows>
    <Columns>0</Columns>
    <RowHeaders />
    <ColHeaders />
    <Math>x/16</Math>
    <SavingMath>x*16</SavingMath>
    <Offset>4</Offset>
    <ConditionalOffset>false</ConditionalOffset>
    <SignedOffset>false</SignedOffset>
    <DataType>SWORD</DataType>
    <Decimals>2</Decimals>
    <OutputType>Float</OutputType>
    <Min>0</Min>
    <Max>255</Max>
    <UseHit>1</UseHit>
    <Range />
    <Segments>6</Segments>
    <ValidationSearchStr>3C 60 @ @ 38 63 @ @, 3C 60 @ @ * * * * 38 63 @ @,3C 60 @ @ * * * * * * * * 38 63 @ @</ValidationSearchStr>
    <Units />
    <Values />
    <RowMajor>true</RowMajor>
    <Description>Calibration which determines the temperature contribution as a function of engine speed and airflow.</Description>
    <MSB>true</MSB>
  </TableSeek>
  <TableSeek>
    <Name>EGR_Max</Name>
    <SearchStr>#00 k11 00 r21 </SearchStr>
    <Rows>0</Rows>
    <Columns>0</Columns>
    <RowHeaders />
    <ColHeaders />
    <Math>x/655.35999</Math>
    <SavingMath>X*655.35999</SavingMath>
    <Offset>4</Offset>
    <ConditionalOffset>false</ConditionalOffset>
    <SignedOffset>false</SignedOffset>
    <DataType>UWORD</DataType>
    <Decimals>2</Decimals>
    <OutputType>Float</OutputType>
    <Min>0</Min>
    <Max>255</Max>
    <UseHit>2</UseHit>
    <Range />
    <Segments>6</Segments>
    <ValidationSearchStr>3C 60 @ @ 38 63 @ @, 3C 60 @ @ * * * * 38 63 @ @,3C 60 @ @ * * * * * * * * 38 63 @ @</ValidationSearchStr>
    <Units />
    <Values />
    <RowMajor>true</RowMajor>
    <Description>The maximum percent EGR that can be tolerated without misfire under ideal conditions for a given speed-load point.</Description>
    <MSB>true</MSB>
  </TableSeek>
  <TableSeek>
    <Name>EGR_MaxDOD</Name>
    <SearchStr>#00 k11 00 r21 </SearchStr>
    <Rows>0</Rows>
    <Columns>0</Columns>
    <RowHeaders />
    <ColHeaders />
    <Math>x/655.35999</Math>
    <SavingMath>X*655.35999</SavingMath>
    <Offset>4</Offset>
    <ConditionalOffset>false</ConditionalOffset>
    <SignedOffset>false</SignedOffset>
    <DataType>UWORD</DataType>
    <Decimals>2</Decimals>
    <OutputType>Float</OutputType>
    <Min>0</Min>
    <Max>255</Max>
    <UseHit>3</UseHit>
    <Range />
    <Segments>6</Segments>
    <ValidationSearchStr>3C 60 @ @ 38 63 @ @, 3C 60 @ @ * * * * 38 63 @ @,3C 60 @ @ * * * * * * * * 38 63 @ @</ValidationSearchStr>
    <Units />
    <Values />
    <RowMajor>true</RowMajor>
    <Description>The maximum percent EGR that can be tolerated without misfire under ideal conditions for a given speed-load point while in \"displacement in demand\" (Cylinder deactivation) mode.</Description>
    <MSB>true</MSB>
  </TableSeek>
  <TableSeek>
    <Name>EGRNomChargeTemp</Name>
    <SearchStr>#00 k11 00 r21 </SearchStr>
    <Rows>0</Rows>
    <Columns>0</Columns>
    <RowHeaders />
    <ColHeaders />
    <Math>X/128</Math>
    <SavingMath>X*128</SavingMath>
    <Offset>4</Offset>
    <ConditionalOffset>false</ConditionalOffset>
    <SignedOffset>false</SignedOffset>
    <DataType>SWORD</DataType>
    <Decimals>2</Decimals>
    <OutputType>Float</OutputType>
    <Min>0</Min>
    <Max>255</Max>
    <UseHit>4</UseHit>
    <Range />
    <Segments>6</Segments>
    <ValidationSearchStr>3C 60 @ @ 38 63 @ @, 3C 60 @ @ * * * * 38 63 @ @,3C 60 @ @ * * * * * * * * 38 63 @ @</ValidationSearchStr>
    <Units />
    <Values />
    <RowMajor>true</RowMajor>
    <Description>Nominal charge temperature for a given speed-load point used to offset the current charge temperature for the cha</Description>
    <MSB>true</MSB>
  </TableSeek>
  <TableSeek>
    <Name>EQ_R_OL_Flow</Name>
    <SearchStr>#00 k11 00 r21 </SearchStr>
    <Rows>0</Rows>
    <Columns>0</Columns>
    <RowHeaders />
    <ColHeaders />
    <Math>X/32767.999999</Math>
    <SavingMath>X</SavingMath>
    <Offset>4</Offset>
    <ConditionalOffset>false</ConditionalOffset>
    <SignedOffset>false</SignedOffset>
    <DataType>UWORD</DataType>
    <Decimals>2</Decimals>
    <OutputType>Float</OutputType>
    <Min>0</Min>
    <Max>255</Max>
    <UseHit>5</UseHit>
    <Range />
    <Segments>6</Segments>
    <ValidationSearchStr>3C 60 @ @ 38 63 @ @, 3C 60 @ @ * * * * 38 63 @ @,3C 60 @ @ * * * * * * * * 38 63 @ @</ValidationSearchStr>
    <Units />
    <Values />
    <RowMajor>true</RowMajor>
    <Description> The equivalence ratio gain used when open loop operation is in effect. This gain allows adjustment based on MAP and RPM</Description>
    <MSB>true</MSB>
  </TableSeek>
  <TableSeek>
    <Name>EQ_R_K_AIR</Name>
    <SearchStr>#00 k11 00 r21 </SearchStr>
    <Rows>0</Rows>
    <Columns>0</Columns>
    <RowHeaders />
    <ColHeaders />
    <Math>X/32767.999999</Math>
    <SavingMath>X</SavingMath>
    <Offset>4</Offset>
    <ConditionalOffset>false</ConditionalOffset>
    <SignedOffset>false</SignedOffset>
    <DataType>UWORD</DataType>
    <Decimals>2</Decimals>
    <OutputType>Float</OutputType>
    <Min>0</Min>
    <Max>255</Max>
    <UseHit>6</UseHit>
    <Range />
    <Segments>6</Segments>
    <ValidationSearchStr>3C 60 @ @ 38 63 @ @, 3C 60 @ @ * * * * 38 63 @ @,3C 60 @ @ * * * * * * * * 38 63 @ @</ValidationSearchStr>
    <Units />
    <Values />
    <RowMajor>true</RowMajor>
    <Description>Base open equivalence ratio gain applied when AIR pump is requesting fuel enrichment. </Description>
    <MSB>true</MSB>
  </TableSeek>
  <TableSeek>
    <Name>EQ_R_K_AIR_AirflowMult</Name>
    <SearchStr>#00 k11 00 r21 </SearchStr>
    <Rows>0</Rows>
    <Columns>0</Columns>
    <RowHeaders />
    <ColHeaders />
    <Math>X/32767.999999</Math>
    <SavingMath>X</SavingMath>
    <Offset>4</Offset>
    <ConditionalOffset>false</ConditionalOffset>
    <SignedOffset>false</SignedOffset>
    <DataType>UWORD</DataType>
    <Decimals>2</Decimals>
    <OutputType>Float</OutputType>
    <Min>0</Min>
    <Max>255</Max>
    <UseHit>7</UseHit>
    <Range />
    <Segments>6</Segments>
    <ValidationSearchStr>3C 60 @ @ 38 63 @ @, 3C 60 @ @ * * * * 38 63 @ @,3C 60 @ @ * * * * * * * * 38 63 @ @</ValidationSearchStr>
    <Units />
    <Values />
    <RowMajor>true</RowMajor>
    <Description>Equivalence ratio gain applied when the AIR pump is requesting fuel enrichment. The gain is a function of engine airflow and IVT. </Description>
    <MSB>true</MSB>
  </TableSeek>
  <TableSeek>
    <Name>EQ_R_eqr_IVT_OpenLoopDriveE0</Name>
    <SearchStr>#00 k11 00 r21 </SearchStr>
    <Rows>0</Rows>
    <Columns>0</Columns>
    <RowHeaders />
    <ColHeaders />
    <Math>X/1024</Math>
    <SavingMath>X</SavingMath>
    <Offset>4</Offset>
    <ConditionalOffset>false</ConditionalOffset>
    <SignedOffset>false</SignedOffset>
    <DataType>UWORD</DataType>
    <Decimals>2</Decimals>
    <OutputType>Float</OutputType>
    <Min>0</Min>
    <Max>255</Max>
    <UseHit>8</UseHit>
    <Range />
    <Segments>6</Segments>
    <ValidationSearchStr>3C 60 @ @ 38 63 @ @, 3C 60 @ @ * * * * 38 63 @ @,3C 60 @ @ * * * * * * * * 38 63 @ @</ValidationSearchStr>
    <Units />
    <Values />
    <RowMajor>true</RowMajor>
    <Description> Base open loop equivalence ratio applied when in drive with zero percent ethanol fuel</Description>
    <MSB>true</MSB>
  </TableSeek>
  <TableSeek>
    <Name>EQ_R_eqr_IVT_OpenLoopPNE0</Name>
    <SearchStr>#00 k11 00 r21 </SearchStr>
    <Rows>0</Rows>
    <Columns>0</Columns>
    <RowHeaders />
    <ColHeaders />
    <Math>X/1024</Math>
    <SavingMath>X</SavingMath>
    <Offset>4</Offset>
    <ConditionalOffset>false</ConditionalOffset>
    <SignedOffset>false</SignedOffset>
    <DataType>UWORD</DataType>
    <Decimals>2</Decimals>
    <OutputType>Float</OutputType>
    <Min>0</Min>
    <Max>255</Max>
    <UseHit>9</UseHit>
    <Range />
    <Segments>6</Segments>
    <ValidationSearchStr>3C 60 @ @ 38 63 @ @, 3C 60 @ @ * * * * 38 63 @ @,3C 60 @ @ * * * * * * * * 38 63 @ @</ValidationSearchStr>
    <Units />
    <Values />
    <RowMajor>true</RowMajor>
    <Description>Base open loop equivalence ratio applied when in Park or Neutral with zero percent of ethanol fuel</Description>
    <MSB>true</MSB>
  </TableSeek>
  <TableSeek>
    <Name>EQ_R_eqr_IVT_OpenLoopDriveE80</Name>
    <SearchStr>#00 k11 00 r21 </SearchStr>
    <Rows>0</Rows>
    <Columns>0</Columns>
    <RowHeaders />
    <ColHeaders />
    <Math>X/1024</Math>
    <SavingMath>X</SavingMath>
    <Offset>4</Offset>
    <ConditionalOffset>false</ConditionalOffset>
    <SignedOffset>false</SignedOffset>
    <DataType>UWORD</DataType>
    <Decimals>2</Decimals>
    <OutputType>Float</OutputType>
    <Min>0</Min>
    <Max>255</Max>
    <UseHit>10</UseHit>
    <Range />
    <Segments>6</Segments>
    <ValidationSearchStr>3C 60 @ @ 38 63 @ @, 3C 60 @ @ * * * * 38 63 @ @,3C 60 @ @ * * * * * * * * 38 63 @ @</ValidationSearchStr>
    <Units />
    <Values />
    <RowMajor>true</RowMajor>
    <Description />
    <MSB>true</MSB>
  </TableSeek>
  <TableSeek>
    <Name>EQ_R_eqr_IVT_OpenLoopPNE80</Name>
    <SearchStr>#00 k11 00 r21 </SearchStr>
    <Rows>0</Rows>
    <Columns>0</Columns>
    <RowHeaders />
    <ColHeaders />
    <Math>X/1024</Math>
    <SavingMath>X</SavingMath>
    <Offset>4</Offset>
    <ConditionalOffset>false</ConditionalOffset>
    <SignedOffset>false</SignedOffset>
    <DataType>UWORD</DataType>
    <Decimals>2</Decimals>
    <OutputType>Float</OutputType>
    <Min>0</Min>
    <Max>255</Max>
    <UseHit>11</UseHit>
    <Range />
    <Segments>6</Segments>
    <ValidationSearchStr>3C 60 @ @ 38 63 @ @, 3C 60 @ @ * * * * 38 63 @ @,3C 60 @ @ * * * * * * * * 38 63 @ @</ValidationSearchStr>
    <Units />
    <Values />
    <RowMajor>true</RowMajor>
    <Description />
    <MSB>true</MSB>
  </TableSeek>
  <TableSeek>
    <Name>EQR_K_AIR_Enrich</Name>
    <SearchStr>#00 k11 00 r21 </SearchStr>
    <Rows>0</Rows>
    <Columns>0</Columns>
    <RowHeaders />
    <ColHeaders />
    <Math>X/16384</Math>
    <SavingMath>X</SavingMath>
    <Offset>4</Offset>
    <ConditionalOffset>false</ConditionalOffset>
    <SignedOffset>false</SignedOffset>
    <DataType>UWORD</DataType>
    <Decimals>2</Decimals>
    <OutputType>Float</OutputType>
    <Min>0</Min>
    <Max>255</Max>
    <UseHit>12</UseHit>
    <Range />
    <Segments>6</Segments>
    <ValidationSearchStr>3C 60 @ @ 38 63 @ @, 3C 60 @ @ * * * * 38 63 @ @,3C 60 @ @ * * * * * * * * 38 63 @ @</ValidationSearchStr>
    <Units />
    <Values />
    <RowMajor>true</RowMajor>
    <Description>AIR enrichment factor which is applied to the corrected fuel mass when AIR is active.</Description>
    <MSB>true</MSB>
  </TableSeek>
  <TableSeek>
    <Name>PistonSlapBase</Name>
    <SearchStr>#00 k11 00 r21 </SearchStr>
    <Rows>0</Rows>
    <Columns>0</Columns>
    <RowHeaders />
    <ColHeaders />
    <Math>X/128</Math>
    <SavingMath>X</SavingMath>
    <Offset>4</Offset>
    <ConditionalOffset>false</ConditionalOffset>
    <SignedOffset>false</SignedOffset>
    <DataType>UWORD</DataType>
    <Decimals>2</Decimals>
    <OutputType>Float</OutputType>
    <Min>0</Min>
    <Max>255</Max>
    <UseHit>13</UseHit>
    <Range />
    <Segments>6</Segments>
    <ValidationSearchStr>3C 60 @ @ 38 63 @ @, 3C 60 @ @ * * * * 38 63 @ @,3C 60 @ @ * * * * * * * * 38 63 @ @</ValidationSearchStr>
    <Units />
    <Values />
    <RowMajor>true</RowMajor>
    <Description>Base piston slap spark retard</Description>
    <MSB>true</MSB>
  </TableSeek>
  <TableSeek>
    <Name>11/21-14</Name>
    <SearchStr>#00 k11 00 r21 </SearchStr>
    <Rows>0</Rows>
    <Columns>0</Columns>
    <RowHeaders>0,1,2,3,4,5,6,7,8,9,10,11,12,13,14,15,16,17,18,19,20,21,22,23,24,25,26,27,28,29,30,31</RowHeaders>
    <ColHeaders>0,500,1000,1500,2000,2500,3000,3500,4000,4500,5000,5500,6000,6500,7000,7500,8000</ColHeaders>
    <Math>X/128</Math>
    <SavingMath>X</SavingMath>
    <Offset>4</Offset>
    <ConditionalOffset>false</ConditionalOffset>
    <SignedOffset>false</SignedOffset>
    <DataType>UWORD</DataType>
    <Decimals>2</Decimals>
    <OutputType>Float</OutputType>
    <Min>0</Min>
    <Max>255</Max>
    <UseHit>14</UseHit>
    <Range />
    <Segments>6</Segments>
    <ValidationSearchStr>3C 60 @ @ 38 63 @ @, 3C 60 @ @ * * * * 38 63 @ @,3C 60 @ @ * * * * * * * * 38 63 @ @</ValidationSearchStr>
    <Units />
    <Values />
    <RowMajor>true</RowMajor>
    <Description>Base dwell, a f(RPM,Ignvolt)</Description>
    <MSB>true</MSB>
  </TableSeek>
  <TableSeek>
    <Name>11/21-15</Name>
    <SearchStr>#00 k11 00 r21 </SearchStr>
    <Rows>0</Rows>
    <Columns>0</Columns>
    <RowHeaders />
    <ColHeaders />
    <Math>X</Math>
    <SavingMath>X</SavingMath>
    <Offset>4</Offset>
    <ConditionalOffset>false</ConditionalOffset>
    <SignedOffset>false</SignedOffset>
    <DataType>SWORD</DataType>
    <Decimals>2</Decimals>
    <OutputType>Float</OutputType>
    <Min>0</Min>
    <Max>255</Max>
    <UseHit>15</UseHit>
    <Range />
    <Segments>6</Segments>
    <ValidationSearchStr>3C 60 @ @ 38 63 @ @, 3C 60 @ @ * * * * 38 63 @ @,3C 60 @ @ * * * * * * * * 38 63 @ @</ValidationSearchStr>
    <Units />
    <Values />
    <RowMajor>true</RowMajor>
    <Description />
    <MSB>true</MSB>
  </TableSeek>
  <TableSeek>
    <Name>11/21-16</Name>
    <SearchStr>#00 k11 00 r21 </SearchStr>
    <Rows>0</Rows>
    <Columns>0</Columns>
    <RowHeaders />
    <ColHeaders />
    <Math>X</Math>
    <SavingMath>X</SavingMath>
    <Offset>4</Offset>
    <ConditionalOffset>false</ConditionalOffset>
    <SignedOffset>false</SignedOffset>
    <DataType>SWORD</DataType>
    <Decimals>2</Decimals>
    <OutputType>Float</OutputType>
    <Min>0</Min>
    <Max>255</Max>
    <UseHit>16</UseHit>
    <Range />
    <Segments>6</Segments>
    <ValidationSearchStr>3C 60 @ @ 38 63 @ @, 3C 60 @ @ * * * * 38 63 @ @,3C 60 @ @ * * * * * * * * 38 63 @ @</ValidationSearchStr>
    <Units />
    <Values />
    <RowMajor>true</RowMajor>
    <Description />
    <MSB>true</MSB>
  </TableSeek>
  <TableSeek>
    <Name>EQ_R_OL_IVT_MAP</Name>
    <SearchStr>#00 k21 00 r21</SearchStr>
    <Rows>0</Rows>
    <Columns>0</Columns>
    <RowHeaders />
    <ColHeaders />
    <Math>X/32767.999999</Math>
    <SavingMath>X</SavingMath>
    <Offset>4</Offset>
    <ConditionalOffset>false</ConditionalOffset>
    <SignedOffset>false</SignedOffset>
    <DataType>UWORD</DataType>
    <Decimals>2</Decimals>
    <OutputType>Float</OutputType>
    <Min>0</Min>
    <Max>255</Max>
    <UseHit>1</UseHit>
    <Range />
    <Segments />
    <ValidationSearchStr>3C 60 @ @ 38 63 @ @, 3C 60 @ @ * * * * 38 63 @ @,3C 60 @ @ * * * * * * * * 38 63 @ @</ValidationSearchStr>
    <Units />
    <Values />
    <RowMajor>true</RowMajor>
    <Description />
    <MSB>true</MSB>
  </TableSeek>
  <TableSeek>
    <Name>21/21word-2</Name>
    <SearchStr>#00 k21 00 r21</SearchStr>
    <Rows>0</Rows>
    <Columns>0</Columns>
    <RowHeaders />
    <ColHeaders />
    <Math>X</Math>
    <SavingMath>X</SavingMath>
    <Offset>4</Offset>
    <ConditionalOffset>false</ConditionalOffset>
    <SignedOffset>false</SignedOffset>
    <DataType>UWORD</DataType>
    <Decimals>2</Decimals>
    <OutputType>Float</OutputType>
    <Min>0</Min>
    <Max>255</Max>
    <UseHit>2</UseHit>
    <Range />
    <Segments />
    <ValidationSearchStr>3C 60 @ @ 38 63 @ @, 3C 60 @ @ * * * * 38 63 @ @,3C 60 @ @ * * * * * * * * 38 63 @ @</ValidationSearchStr>
    <Units />
    <Values />
    <RowMajor>true</RowMajor>
    <Description />
    <MSB>true</MSB>
  </TableSeek>
  <TableSeek>
    <Name>21/21word-3</Name>
    <SearchStr>#00 k21 00 r21</SearchStr>
    <Rows>0</Rows>
    <Columns>0</Columns>
    <RowHeaders />
    <ColHeaders />
    <Math>X</Math>
    <SavingMath>X</SavingMath>
    <Offset>4</Offset>
    <ConditionalOffset>false</ConditionalOffset>
    <SignedOffset>false</SignedOffset>
    <DataType>UWORD</DataType>
    <Decimals>2</Decimals>
    <OutputType>Float</OutputType>
    <Min>0</Min>
    <Max>255</Max>
    <UseHit>3</UseHit>
    <Range />
    <Segments />
    <ValidationSearchStr>3C 60 @ @ 38 63 @ @, 3C 60 @ @ * * * * 38 63 @ @,3C 60 @ @ * * * * * * * * 38 63 @ @</ValidationSearchStr>
    <Units />
    <Values />
    <RowMajor>true</RowMajor>
    <Description />
    <MSB>true</MSB>
  </TableSeek>
  <TableSeek>
    <Name>21/21word-4</Name>
    <SearchStr>#00 k21 00 r21</SearchStr>
    <Rows>0</Rows>
    <Columns>0</Columns>
    <RowHeaders />
    <ColHeaders />
    <Math>X</Math>
    <SavingMath>X</SavingMath>
    <Offset>4</Offset>
    <ConditionalOffset>false</ConditionalOffset>
    <SignedOffset>false</SignedOffset>
    <DataType>UWORD</DataType>
    <Decimals>2</Decimals>
    <OutputType>Float</OutputType>
    <Min>0</Min>
    <Max>255</Max>
    <UseHit>4</UseHit>
    <Range />
    <Segments />
    <ValidationSearchStr>3C 60 @ @ 38 63 @ @, 3C 60 @ @ * * * * 38 63 @ @,3C 60 @ @ * * * * * * * * 38 63 @ @</ValidationSearchStr>
    <Units />
    <Values />
    <RowMajor>true</RowMajor>
    <Description />
    <MSB>true</MSB>
  </TableSeek>
  <TableSeek>
    <Name>21/21word-5</Name>
    <SearchStr>#00 k21 00 r21</SearchStr>
    <Rows>0</Rows>
    <Columns>0</Columns>
    <RowHeaders />
    <ColHeaders />
    <Math>X</Math>
    <SavingMath>X</SavingMath>
    <Offset>4</Offset>
    <ConditionalOffset>false</ConditionalOffset>
    <SignedOffset>false</SignedOffset>
    <DataType>UWORD</DataType>
    <Decimals>2</Decimals>
    <OutputType>Float</OutputType>
    <Min>0</Min>
    <Max>255</Max>
    <UseHit>5</UseHit>
    <Range />
    <Segments />
    <ValidationSearchStr>3C 60 @ @ 38 63 @ @, 3C 60 @ @ * * * * 38 63 @ @,3C 60 @ @ * * * * * * * * 38 63 @ @</ValidationSearchStr>
    <Units />
    <Values />
    <RowMajor>true</RowMajor>
    <Description />
    <MSB>true</MSB>
  </TableSeek>
  <TableSeek>
    <Name>21/21word--6</Name>
    <SearchStr>#00 k21 00 r21</SearchStr>
    <Rows>0</Rows>
    <Columns>0</Columns>
    <RowHeaders />
    <ColHeaders />
    <Math>X</Math>
    <SavingMath>X</SavingMath>
    <Offset>4</Offset>
    <ConditionalOffset>false</ConditionalOffset>
    <SignedOffset>false</SignedOffset>
    <DataType>UWORD</DataType>
    <Decimals>2</Decimals>
    <OutputType>Float</OutputType>
    <Min>0</Min>
    <Max>255</Max>
    <UseHit>6</UseHit>
    <Range />
    <Segments />
    <ValidationSearchStr>3C 60 @ @ 38 63 @ @, 3C 60 @ @ * * * * 38 63 @ @,3C 60 @ @ * * * * * * * * 38 63 @ @</ValidationSearchStr>
    <Units />
    <Values />
    <RowMajor>true</RowMajor>
    <Description />
    <MSB>true</MSB>
  </TableSeek>
  <TableSeek>
    <Name>21/21word-7</Name>
    <SearchStr>#00 k21 00 r21</SearchStr>
    <Rows>0</Rows>
    <Columns>0</Columns>
    <RowHeaders />
    <ColHeaders />
    <Math>X</Math>
    <SavingMath>X</SavingMath>
    <Offset>4</Offset>
    <ConditionalOffset>false</ConditionalOffset>
    <SignedOffset>false</SignedOffset>
    <DataType>UWORD</DataType>
    <Decimals>2</Decimals>
    <OutputType>Float</OutputType>
    <Min>0</Min>
    <Max>255</Max>
    <UseHit>7</UseHit>
    <Range />
    <Segments />
    <ValidationSearchStr>3C 60 @ @ 38 63 @ @, 3C 60 @ @ * * * * 38 63 @ @,3C 60 @ @ * * * * * * * * 38 63 @ @</ValidationSearchStr>
    <Units />
    <Values />
    <RowMajor>true</RowMajor>
    <Description />
    <MSB>true</MSB>
  </TableSeek>
  <TableSeek>
    <Name>21/21word--8</Name>
    <SearchStr>#00 k21 00 r21</SearchStr>
    <Rows>0</Rows>
    <Columns>0</Columns>
    <RowHeaders />
    <ColHeaders />
    <Math>X</Math>
    <SavingMath>X</SavingMath>
    <Offset>4</Offset>
    <ConditionalOffset>false</ConditionalOffset>
    <SignedOffset>false</SignedOffset>
    <DataType>UWORD</DataType>
    <Decimals>2</Decimals>
    <OutputType>Float</OutputType>
    <Min>0</Min>
    <Max>255</Max>
    <UseHit>8</UseHit>
    <Range />
    <Segments />
    <ValidationSearchStr>3C 60 @ @ 38 63 @ @, 3C 60 @ @ * * * * 38 63 @ @,3C 60 @ @ * * * * * * * * 38 63 @ @</ValidationSearchStr>
    <Units />
    <Values />
    <RowMajor>true</RowMajor>
    <Description />
    <MSB>true</MSB>
  </TableSeek>
  <TableSeek>
    <Name>DodSwitch*06-11</Name>
    <SearchStr>7C 08 02 A6 90 01 00 0C 3D 80 @ @ 89 8C @ @ 2C 0C 00 00 40 82 00 6C 3C 60 00 24</SearchStr>
    <Rows>1</Rows>
    <Columns>1</Columns>
    <RowHeaders />
    <ColHeaders />
    <Math>x/1</Math>
    <SavingMath>x*1</SavingMath>
    <Offset>0</Offset>
    <ConditionalOffset>false</ConditionalOffset>
    <SignedOffset>false</SignedOffset>
    <DataType>UBYTE</DataType>
    <Decimals>2</Decimals>
    <OutputType>Float</OutputType>
    <Min>0</Min>
    <Max>255</Max>
    <UseHit>1</UseHit>
    <Range />
    <Segments />
    <Category>Cylinder_Deac</Category>
    <Units>BOOLEAN</Units>
    <Values>BOOLEAN</Values>
    <RowMajor>true</RowMajor>
    <Description> Boolean to disable or enable cylinder deactivation functionality. Cylinder Deactivation Functionality is disabled whenever this calibration is set to TRUE. </Description>
    <MSB>true</MSB>
  </TableSeek>
  <TableSeek>
    <Name>DodSwitch*12-15</Name>
    <SearchStr>20 94 21 FF F8 7C 08 02 A6 90 01 00 0C 3D 80 @ @ 89 8C @ @ 2C 0C 00 00 40 82 00 5C A0 6D 1D</SearchStr>
    <Rows>1</Rows>
    <Columns>1</Columns>
    <RowHeaders />
    <ColHeaders />
    <Math>x/1</Math>
    <SavingMath>x*1</SavingMath>
    <Offset>0</Offset>
    <ConditionalOffset>false</ConditionalOffset>
    <SignedOffset>false</SignedOffset>
    <DataType>UBYTE</DataType>
    <Decimals>2</Decimals>
    <OutputType>Float</OutputType>
    <Min>0</Min>
    <Max>255</Max>
    <UseHit>1</UseHit>
    <Range />
    <Segments />
    <Category>Cylinder_Deac</Category>
    <Units>BOOLEAN</Units>
    <Values>BOOLEAN</Values>
    <RowMajor>true</RowMajor>
    <Description> Boolean to disable or enable cylinder deactivation functionality. Cylinder Deactivation Functionality is disabled whenever this calibration is set to TRUE. </Description>
    <MSB>true</MSB>
  </TableSeek>
  <TableSeek>
    <Name>Dwell temp multiplier</Name>
    <SearchStr>#k11 r21 00</SearchStr>
    <Rows>0</Rows>
    <Columns>0</Columns>
    <RowHeaders>0,1,2,3,4,5,6,7,8,9,10,11,12,13,14,15,16,17,18,19,20,21,22,23,24,25,26,27,28,29,30,31,32</RowHeaders>
    <ColHeaders>deg C -40,deg C -25,deg C -10,deg C 5,deg C 20,deg C 35,deg C 50,deg C 65,deg C 80,deg C 95,deg C 110,deg C 125,deg C 140,deg C 155,deg C 170,deg C 185,deg C 200</ColHeaders>
    <Math>X/256</Math>
    <SavingMath>X</SavingMath>
    <Offset>3</Offset>
    <ConditionalOffset>false</ConditionalOffset>
    <SignedOffset>false</SignedOffset>
    <DataType>UBYTE</DataType>
    <Decimals>3</Decimals>
    <OutputType>Float</OutputType>
    <Min>0</Min>
    <Max>1</Max>
    <UseHit>1</UseHit>
    <Range />
    <Segments>6</Segments>
    <Units />
    <Values />
    <RowMajor>true</RowMajor>
    <Description />
    <MSB>true</MSB>
  </TableSeek>
  <TableSeek>
    <Name>DwellMain*06-07</Name>
    <SearchStr>3C 60 @ @ * * * * 38 63 @ @ 38 BD 00 00 4B * * * 3B C3</SearchStr>
    <Rows>33</Rows>
    <Columns>17</Columns>
    <RowHeaders>0,1,2,3,4,5,6,7,8,9,10,11,12,13,14,15,16,17,18,19,20,21,22,23,24,25,26,27,28,29,30,31,32</RowHeaders>
    <ColHeaders>0,500,1000,1500,2000,2500,3000,3500,4000,4500,5000,5500,6000,6500,7000,7500,8000</ColHeaders>
    <Math>X/128</Math>
    <SavingMath>X</SavingMath>
    <Offset>4</Offset>
    <ConditionalOffset>true</ConditionalOffset>
    <SignedOffset>false</SignedOffset>
    <DataType>UWORD</DataType>
    <Decimals>2</Decimals>
    <OutputType>Float</OutputType>
    <Min>0</Min>
    <Max>255</Max>
    <UseHit>1</UseHit>
    <Range />
    <Segments>1</Segments>
    <Units />
    <Values />
    <RowMajor>true</RowMajor>
    <Description>Base dwell, a f(RPM,Ignvolt)</Description>
    <MSB>true</MSB>
  </TableSeek>
  <TableSeek>
    <Name>DwellMain*08-11</Name>
    <SearchStr>3C 60 @ @ 38 63 @ @ 38 9C 00 00 38 BE 00 00 4B E9</SearchStr>
    <Rows>33</Rows>
    <Columns>17</Columns>
    <RowHeaders>0,1,2,3,4,5,6,7,8,9,10,11,12,13,14,15,16,17,18,19,20,21,22,23,24,25,26,27,28,29,30,31,32</RowHeaders>
    <ColHeaders>0,500,1000,1500,2000,2500,3000,3500,4000,4500,5000,5500,6000,6500,7000,7500,8000</ColHeaders>
    <Math>X/128</Math>
    <SavingMath>X</SavingMath>
    <Offset>4</Offset>
    <ConditionalOffset>true</ConditionalOffset>
    <SignedOffset>false</SignedOffset>
    <DataType>UWORD</DataType>
    <Decimals>2</Decimals>
    <OutputType>Float</OutputType>
    <Min>0</Min>
    <Max>255</Max>
    <UseHit>1</UseHit>
    <Range />
    <Segments>1</Segments>
    <Units />
    <Values />
    <RowMajor>true</RowMajor>
    <Description>Base dwell, a f(RPM,Ignvolt)</Description>
    <MSB>true</MSB>
  </TableSeek>
  <TableSeek>
    <Name>DwellMain*12-</Name>
    <SearchStr>3C 60 @ @ 38 63 @ @ 38 9D 00 00 38 BE 00 00 4B EB</SearchStr>
    <Rows>33</Rows>
    <Columns>17</Columns>
    <RowHeaders>0,1,2,3,4,5,6,7,8,9,10,11,12,13,14,15,16,17,18,19,20,21,22,23,24,25,26,27,28,29,30,31,32</RowHeaders>
    <ColHeaders>0,500,1000,1500,2000,2500,3000,3500,4000,4500,5000,5500,6000,6500,7000,7500,8000</ColHeaders>
    <Math>X/128</Math>
    <SavingMath>X</SavingMath>
    <Offset>4</Offset>
    <ConditionalOffset>true</ConditionalOffset>
    <SignedOffset>false</SignedOffset>
    <DataType>UWORD</DataType>
    <Decimals>2</Decimals>
    <OutputType>Float</OutputType>
    <Min>0</Min>
    <Max>255</Max>
    <UseHit>1</UseHit>
    <Range />
    <Segments>1</Segments>
    <Units />
    <Values />
    <RowMajor>true</RowMajor>
    <Description>Base dwell, a f(RPM,Ignvolt)</Description>
    <MSB>true</MSB>
  </TableSeek>
  <TableSeek>
    <Name>KeIMOG_e_ImmobFtnSelection</Name>
    <SearchStr>01 00 0C 3C 60 @ @ A8 63 @ @ 2C 03 00 02 40 82 00 14</SearchStr>
    <Rows>1</Rows>
    <Columns>1</Columns>
    <RowHeaders />
    <ColHeaders>enum</ColHeaders>
    <Math>X</Math>
    <SavingMath>X</SavingMath>
    <Offset>0</Offset>
    <ConditionalOffset>false</ConditionalOffset>
    <SignedOffset>true</SignedOffset>
    <DataType>SWORD</DataType>
    <Decimals>2</Decimals>
    <OutputType>Float</OutputType>
    <Min>0</Min>
    <Max>255</Max>
    <UseHit>1</UseHit>
    <Range />
    <Segments />
    <Units>enum</Units>
    <Values>Enum: 0:CeIMOR_e_NAO_TheftAlg,1:CeIMOR_e_PPEI3_ImmobAlg,2:CeIMOR_e_GMIO_ImmobAlg</Values>
    <RowMajor>true</RowMajor>
    <Description />
    <MSB>true</MSB>
  </TableSeek>
  <TableSeek>
    <Name>KeIMOG_b_ImmobFtnEnbld</Name>
    <SearchStr>00 01 * * 00 * 2C 1F 00 02 41 82 00 2C 3D 80 @ @ 89 8C @ @ 2C 0C 00 00</SearchStr>
    <Rows>1</Rows>
    <Columns>1</Columns>
    <RowHeaders />
    <ColHeaders>enum</ColHeaders>
    <Math>X</Math>
    <SavingMath>X</SavingMath>
    <Offset>0</Offset>
    <ConditionalOffset>false</ConditionalOffset>
    <SignedOffset>true</SignedOffset>
    <DataType>UBYTE</DataType>
    <Decimals>0</Decimals>
    <OutputType>Float</OutputType>
    <Min>0</Min>
    <Max>255</Max>
    <UseHit>1</UseHit>
    <Range />
    <Segments />
    <Units>enum</Units>
    <Values>Enum: 0:OFF,1:ON</Values>
    <RowMajor>true</RowMajor>
    <Description />
    <MSB>true</MSB>
  </TableSeek>
</ArrayOfTableSeek>