<?xml version="1.0"?>
<ArrayOfSegmentConfig xmlns:xsi="http://www.w3.org/2001/XMLSchema-instance" xmlns:xsd="http://www.w3.org/2001/XMLSchema">
  <SegmentConfig>
    <Name>ENGINE data</Name>
    <Version>1</Version>
    <Addresses>4000-0@</Addresses>
    <SwapAddress>4000-0@</SwapAddress>
    <CS1Address>4006:2:HEX</CS1Address>
    <CS2Address>#:4:hex</CS2Address>
    <CS1Method>3</CS1Method>
    <CS2Method>2</CS2Method>
    <CS1Blocks>4008-0@</CS1Blocks>
    <CS2Blocks>4008-0@</CS2Blocks>
    <CS1Complement>0</CS1Complement>
    <CS2Complement>0</CS2Complement>
    <CS1SwapBytes>false</CS1SwapBytes>
    <CS2SwapBytes>false</CS2SwapBytes>
    <CVN>2</CVN>
    <Eeprom>false</Eeprom>
    <PNAddr />
    <VerAddr />
    <SegNrAddr />
    <ExtraInfo>MASK:4008:1:hex</ExtraInfo>
    <Comment />
    <CheckWords />
  </SegmentConfig>
</ArrayOfSegmentConfig>