<?xml version="1.0"?>
<ArrayOfSegmentSeek xmlns:xsi="http://www.w3.org/2001/XMLSchema-instance" xmlns:xsd="http://www.w3.org/2001/XMLSchema">
  <SegmentSeek>
    <Name>cs1</Name>
    <SearchStr>#20 20 FF FF 00 01 00 00 20 00 00 00 20 1F FF FF +D20</SearchStr>
    <Offset>-8388608</Offset>
    <ConditionalOffset>false</ConditionalOffset>
    <SignedOffset>false</SignedOffset>
    <UseHit>1</UseHit>
    <Range />
    <Segments />
    <ValidationSearchStr />
    <Description>engine</Description>
    <MSB>true</MSB>
  </SegmentSeek>
  <SegmentSeek>
    <Name>cs2</Name>
    <SearchStr>#20 20 FF FF 00 01 00 00 20 00 00 00 20 1F FF FF +D32</SearchStr>
    <Offset>-8388608</Offset>
    <ConditionalOffset>false</ConditionalOffset>
    <SignedOffset>false</SignedOffset>
    <UseHit>1</UseHit>
    <Range />
    <Segments />
    <ValidationSearchStr />
    <Description>system</Description>
    <MSB>true</MSB>
  </SegmentSeek>
  <SegmentSeek>
    <Name>cs3</Name>
    <SearchStr>#20 20 FF FF 00 01 00 00 20 00 00 00 20 1F FF FF +D44</SearchStr>
    <Offset>-8388608</Offset>
    <ConditionalOffset>false</ConditionalOffset>
    <SignedOffset>false</SignedOffset>
    <UseHit>1</UseHit>
    <Range />
    <Segments />
    <ValidationSearchStr />
    <Description>speedo</Description>
    <MSB>true</MSB>
  </SegmentSeek>
  <SegmentSeek>
    <Name>start1</Name>
    <SearchStr>#20 20 FF FF 00 01 00 00 20 00 00 00 20 1F FF FF +D16</SearchStr>
    <Offset>-8388608</Offset>
    <ConditionalOffset>false</ConditionalOffset>
    <SignedOffset>false</SignedOffset>
    <UseHit>1</UseHit>
    <Range />
    <Segments />
    <ValidationSearchStr />
    <Description />
    <MSB>true</MSB>
  </SegmentSeek>
  <SegmentSeek>
    <Name>start2</Name>
    <SearchStr>#20 20 FF FF 00 01 00 00 20 00 00 00 20 1F FF FF +D28</SearchStr>
    <Offset>-8388608</Offset>
    <ConditionalOffset>false</ConditionalOffset>
    <SignedOffset>false</SignedOffset>
    <UseHit>1</UseHit>
    <Range />
    <Segments />
    <ValidationSearchStr />
    <Description />
    <MSB>true</MSB>
  </SegmentSeek>
  <SegmentSeek>
    <Name>start3</Name>
    <SearchStr>#20 20 FF FF 00 01 00 00 20 00 00 00 20 1F FF FF +D40</SearchStr>
    <Offset>-8388608</Offset>
    <ConditionalOffset>false</ConditionalOffset>
    <SignedOffset>false</SignedOffset>
    <UseHit>1</UseHit>
    <Range />
    <Segments />
    <ValidationSearchStr />
    <Description />
    <MSB>true</MSB>
  </SegmentSeek>
  <SegmentSeek>
    <Name>end1</Name>
    <SearchStr>#20 20 FF FF 00 01 00 00 20 00 00 00 20 1F FF FF +D20</SearchStr>
    <Offset>-8388609</Offset>
    <ConditionalOffset>false</ConditionalOffset>
    <SignedOffset>false</SignedOffset>
    <UseHit>1</UseHit>
    <Range />
    <Segments />
    <ValidationSearchStr />
    <Description />
    <MSB>true</MSB>
  </SegmentSeek>
  <SegmentSeek>
    <Name>end2</Name>
    <SearchStr>#20 20 FF FF 00 01 00 00 20 00 00 00 20 1F FF FF +D32</SearchStr>
    <Offset>-8388609</Offset>
    <ConditionalOffset>false</ConditionalOffset>
    <SignedOffset>false</SignedOffset>
    <UseHit>1</UseHit>
    <Range />
    <Segments />
    <ValidationSearchStr />
    <Description />
    <MSB>true</MSB>
  </SegmentSeek>
  <SegmentSeek>
    <Name>end3</Name>
    <SearchStr>#20 20 FF FF 00 01 00 00 20 00 00 00 20 1F FF FF +D44</SearchStr>
    <Offset>-8388609</Offset>
    <ConditionalOffset>false</ConditionalOffset>
    <SignedOffset>false</SignedOffset>
    <UseHit>1</UseHit>
    <Range />
    <Segments />
    <ValidationSearchStr />
    <Description />
    <MSB>true</MSB>
  </SegmentSeek>
</ArrayOfSegmentSeek>