<?xml version="1.0"?>
<ArrayOfTableSeek xmlns:xsi="http://www.w3.org/2001/XMLSchema-instance" xmlns:xsd="http://www.w3.org/2001/XMLSchema">
  <TableSeek>
    <Name>Dwell temp multiplier</Name>
    <SearchStr>#k11 r21 00</SearchStr>
    <Rows>0</Rows>
    <Columns>0</Columns>
    <RowHeaders>0,1,2,3,4,5,6,7,8,9,10,11,12,13,14,15,16,17,18,19,20,21,22,23,24,25,26,27,28,29,30,31,32</RowHeaders>
    <ColHeaders>deg C -40,deg C -25,deg C -10,deg C 5,deg C 20,deg C 35,deg C 50,deg C 65,deg C 80,deg C 95,deg C 110,deg C 125,deg C 140,deg C 155,deg C 170,deg C 185,deg C 200</ColHeaders>
    <Math>X/256</Math>
    <SavingMath>X</SavingMath>
    <Offset>3</Offset>
    <ConditionalOffset>false</ConditionalOffset>
    <SignedOffset>false</SignedOffset>
    <DataType>UBYTE</DataType>
    <Decimals>3</Decimals>
    <OutputType>Float</OutputType>
    <Min>0</Min>
    <Max>1</Max>
    <UseHit>1</UseHit>
    <Range />
    <Segments>6</Segments>
    <Units />
    <Values />
    <RowMajor>true</RowMajor>
    <Description />
  </TableSeek>
  <TableSeek>
    <Name>DwellMain</Name>
    <SearchStr>A0 8E * * 3C 60 @ @ 38 63 @ @ 7F C5 F3 78 4B</SearchStr>
    <Rows>33</Rows>
    <Columns>17</Columns>
    <RowHeaders>0,1,2,3,4,5,6,7,8,9,10,11,12,13,14,15,16,17,18,19,20,21,22,23,24,25,26,27,28,29,30,31,32</RowHeaders>
    <ColHeaders>0,500,1000,1500,2000,2500,3000,3500,4000,4500,5000,5500,6000,6500,7000,7500,8000</ColHeaders>
    <Math>X/128</Math>
    <SavingMath>X</SavingMath>
    <Offset>4</Offset>
    <ConditionalOffset>false</ConditionalOffset>
    <SignedOffset>true</SignedOffset>
    <DataType>UWORD</DataType>
    <Decimals>2</Decimals>
    <OutputType>Float</OutputType>
    <Min>0</Min>
    <Max>255</Max>
    <UseHit>1</UseHit>
    <Range />
    <Segments>1</Segments>
    <Units />
    <Values />
    <RowMajor>true</RowMajor>
    <Description>Base dwell, a f(RPM,Ignvolt)</Description>
  </TableSeek>
  <TableSeek>
    <Name>DwellMain*17-</Name>
    <SearchStr>74 * * 3F 58 8E * * 01 E5 70 60 @ @ 1C 63 @ @ 79 F8 * *</SearchStr>
    <Rows>33</Rows>
    <Columns>17</Columns>
    <RowHeaders>0,1,2,3,4,5,6,7,8,9,10,11,12,13,14,15,16,17,18,19,20,21,22,23,24,25,26,27,28,29,30,31,32</RowHeaders>
    <ColHeaders>0,500,1000,1500,2000,2500,3000,3500,4000,4500,5000,5500,6000,6500,7000,7500,8000</ColHeaders>
    <Math>X/128</Math>
    <SavingMath>X</SavingMath>
    <Offset>-3758096380</Offset>
    <ConditionalOffset>false</ConditionalOffset>
    <SignedOffset>true</SignedOffset>
    <DataType>UWORD</DataType>
    <Decimals>2</Decimals>
    <OutputType>Float</OutputType>
    <Min>0</Min>
    <Max>255</Max>
    <UseHit>1</UseHit>
    <Range />
    <Segments>1</Segments>
    <Units />
    <Values />
    <RowMajor>true</RowMajor>
    <Description>Base dwell, a f(RPM,Ignvolt)</Description>
  </TableSeek>
  <TableSeek>
    <Name>DodSwitch*14-16</Name>
    <SearchStr>00 0C 90 01 00 14 3F E0 @ @ 8C 7F @ @ 2C 03 00 00 41 82 00 14 3D 80</SearchStr>
    <Rows>1</Rows>
    <Columns>1</Columns>
    <RowHeaders />
    <ColHeaders />
    <Math>x/1</Math>
    <SavingMath>x*1</SavingMath>
    <Offset>0</Offset>
    <ConditionalOffset>false</ConditionalOffset>
    <SignedOffset>true</SignedOffset>
    <DataType>UBYTE</DataType>
    <Decimals>2</Decimals>
    <OutputType>Float</OutputType>
    <Min>0</Min>
    <Max>255</Max>
    <UseHit>1</UseHit>
    <Range />
    <Segments />
    <Category>Cylinder_Deac</Category>
    <Units>BOOLEAN</Units>
    <Values>BOOLEAN</Values>
    <RowMajor>true</RowMajor>
    <Description> Boolean to disable or enable cylinder deactivation functionality. Cylinder Deactivation Functionality is disabled whenever this calibration is set to TRUE. </Description>
  </TableSeek>
  <TableSeek>
    <Name>DodSwitch*17-18</Name>
    <SearchStr>80 D5 01 70 E0 @ @ 30 E7 @ @ 2A 07 E6 0B 70</SearchStr>
    <Rows>1</Rows>
    <Columns>1</Columns>
    <RowHeaders />
    <ColHeaders />
    <Math>x/1</Math>
    <SavingMath>x*1</SavingMath>
    <Offset>-3758096384</Offset>
    <ConditionalOffset>false</ConditionalOffset>
    <SignedOffset>true</SignedOffset>
    <DataType>UBYTE</DataType>
    <Decimals>2</Decimals>
    <OutputType>Float</OutputType>
    <Min>0</Min>
    <Max>255</Max>
    <UseHit>1</UseHit>
    <Range />
    <Segments />
    <Category>Cylinder_Deac</Category>
    <Units>BOOLEAN</Units>
    <Values>BOOLEAN</Values>
    <RowMajor>true</RowMajor>
    <Description> Boolean to disable or enable cylinder deactivation functionality. Cylinder Deactivation Functionality is disabled whenever this calibration is set to TRUE. </Description>
  </TableSeek>
</ArrayOfTableSeek>