<?xml version="1.0"?>
<ArrayOfSegmentConfig xmlns:xsi="http://www.w3.org/2001/XMLSchema-instance" xmlns:xsd="http://www.w3.org/2001/XMLSchema">
  <SegmentConfig>
    <Name>BootBlock</Name>
    <Version>3</Version>
    <Addresses>@324</Addresses>
    <CS1Address>#31E:2:hex</CS1Address>
    <CS2Address>#300:2:hex</CS2Address>
    <CS1Method>1</CS1Method>
    <CS2Method>4</CS2Method>
    <CS1Blocks>@32c*3</CS1Blocks>
    <CS2Blocks>@344*2</CS2Blocks>
    <CS1Complement>0</CS1Complement>
    <CS2Complement>2</CS2Complement>
    <CS1SwapBytes>true</CS1SwapBytes>
    <CS2SwapBytes>false</CS2SwapBytes>
    <CVN>1</CVN>
    <Eeprom>false</Eeprom>
    <PNAddr>#305:4:int</PNAddr>
    <VerAddr>#309:2:text</VerAddr>
    <SegNrAddr>#303:1:int</SegNrAddr>
    <ExtraInfo />
    <Comment />
    <CheckWords />
  </SegmentConfig>
  <SegmentConfig>
    <Name>OS</Name>
    <Addresses>@e024</Addresses>
    <CS1Address>#1E:2:hex</CS1Address>
    <CS2Address>#0:2:hex</CS2Address>
    <CS1Method>1</CS1Method>
    <CS2Method>4</CS2Method>
    <CS1Blocks>@e02C,@e034</CS1Blocks>
    <CS2Blocks>@e03C</CS2Blocks>
    <CS1Complement>0</CS1Complement>
    <CS2Complement>2</CS2Complement>
    <CS1SwapBytes>true</CS1SwapBytes>
    <CS2SwapBytes>false</CS2SwapBytes>
    <CVN>1</CVN>
    <Eeprom>false</Eeprom>
    <PNAddr>#5:4:int</PNAddr>
    <VerAddr>#9:2:text</VerAddr>
    <SegNrAddr>#3:1:int</SegNrAddr>
    <ExtraInfo />
    <Comment />
    <CheckWords />
  </SegmentConfig>
  <SegmentConfig>
    <Name>System</Name>
    <Addresses>@e048</Addresses>
    <CS1Address>#1E:2:hex</CS1Address>
    <CS2Address>#0:2:hex</CS2Address>
    <CS1Method>1</CS1Method>
    <CS2Method>4</CS2Method>
    <CS1Blocks>@e050,@e058</CS1Blocks>
    <CS2Blocks>@e060</CS2Blocks>
    <CS1Complement>0</CS1Complement>
    <CS2Complement>2</CS2Complement>
    <CS1SwapBytes>true</CS1SwapBytes>
    <CS2SwapBytes>false</CS2SwapBytes>
    <CVN>1</CVN>
    <Eeprom>false</Eeprom>
    <PNAddr>#5:4:int</PNAddr>
    <VerAddr>#9:2:text</VerAddr>
    <SegNrAddr>#3:1:int</SegNrAddr>
    <ExtraInfo />
    <Comment />
    <CheckWords />
  </SegmentConfig>
  <SegmentConfig>
    <Name>Fuel</Name>
    <Addresses>@e06B</Addresses>
    <CS1Address>#1E:2:hex</CS1Address>
    <CS2Address>#0:2:hex</CS2Address>
    <CS1Method>1</CS1Method>
    <CS2Method>4</CS2Method>
    <CS1Blocks>@e073,@e07B</CS1Blocks>
    <CS2Blocks>@e083</CS2Blocks>
    <CS1Complement>0</CS1Complement>
    <CS2Complement>2</CS2Complement>
    <CS1SwapBytes>true</CS1SwapBytes>
    <CS2SwapBytes>false</CS2SwapBytes>
    <CVN>1</CVN>
    <Eeprom>false</Eeprom>
    <PNAddr>#5:4:int</PNAddr>
    <VerAddr>#9:2:text</VerAddr>
    <SegNrAddr>#3:1:int</SegNrAddr>
    <ExtraInfo />
    <Comment />
    <CheckWords />
  </SegmentConfig>
  <SegmentConfig>
    <Name>Speedo</Name>
    <Addresses>@e08E</Addresses>
    <CS1Address>#1E:2:hex</CS1Address>
    <CS2Address>#0:2:hex</CS2Address>
    <CS1Method>1</CS1Method>
    <CS2Method>4</CS2Method>
    <CS1Blocks>@e096,@e09E</CS1Blocks>
    <CS2Blocks>@e0A6</CS2Blocks>
    <CS1Complement>0</CS1Complement>
    <CS2Complement>2</CS2Complement>
    <CS1SwapBytes>true</CS1SwapBytes>
    <CS2SwapBytes>false</CS2SwapBytes>
    <CVN>1</CVN>
    <Eeprom>false</Eeprom>
    <PNAddr>#5:4:int</PNAddr>
    <VerAddr>#9:2:text</VerAddr>
    <SegNrAddr>#3:1:int</SegNrAddr>
    <ExtraInfo />
    <Comment />
    <CheckWords />
  </SegmentConfig>
  <SegmentConfig>
    <Name>EngineDiag</Name>
    <Addresses>@e0B1</Addresses>
    <CS1Address>#1E:2:hex</CS1Address>
    <CS2Address>#0:2:hex</CS2Address>
    <CS1Method>1</CS1Method>
    <CS2Method>4</CS2Method>
    <CS1Blocks>@e0B9,@e0C1</CS1Blocks>
    <CS2Blocks>@e0C9</CS2Blocks>
    <CS1Complement>0</CS1Complement>
    <CS2Complement>2</CS2Complement>
    <CS1SwapBytes>true</CS1SwapBytes>
    <CS2SwapBytes>false</CS2SwapBytes>
    <CVN>1</CVN>
    <Eeprom>false</Eeprom>
    <PNAddr>#5:4:int</PNAddr>
    <VerAddr>#9:2:text</VerAddr>
    <SegNrAddr>#3:1:int</SegNrAddr>
    <ExtraInfo />
    <Comment />
    <CheckWords />
  </SegmentConfig>
  <SegmentConfig>
    <Name>Engine</Name>
    <Addresses>@e0D4</Addresses>
    <CS1Address>#1E:2:hex</CS1Address>
    <CS2Address>#0:2:hex</CS2Address>
    <CS1Method>1</CS1Method>
    <CS2Method>4</CS2Method>
    <CS1Blocks>@e0DC,@e0E4</CS1Blocks>
    <CS2Blocks>@e0EC</CS2Blocks>
    <CS1Complement>0</CS1Complement>
    <CS2Complement>2</CS2Complement>
    <CS1SwapBytes>true</CS1SwapBytes>
    <CS2SwapBytes>false</CS2SwapBytes>
    <CVN>1</CVN>
    <Eeprom>false</Eeprom>
    <PNAddr>#5:4:int</PNAddr>
    <VerAddr>#9:2:text</VerAddr>
    <SegNrAddr>#3:1:int</SegNrAddr>
    <ExtraInfo />
    <Comment />
    <CheckWords />
  </SegmentConfig>
  <SegmentConfig>
    <Name>EEPROM_DATA</Name>
    <Addresses>Search</Addresses>
    <CS1Address />
    <CS2Address />
    <CS1Method>0</CS1Method>
    <CS2Method>0</CS2Method>
    <CS1Blocks />
    <CS2Blocks />
    <CS1Complement>2</CS1Complement>
    <CS2Complement>0</CS2Complement>
    <CS1SwapBytes>false</CS1SwapBytes>
    <CS2SwapBytes>false</CS2SwapBytes>
    <CVN>0</CVN>
    <Eeprom>false</Eeprom>
    <PNAddr>#88:4:int</PNAddr>
    <VerAddr>#96:4:text</VerAddr>
    <SegNrAddr />
    <ExtraInfo>VIN:#11c:17:text,PCM:#88:4:int,PCMid2:#90:4:int,trace code:#94:16:text,ProgramDate:#e8:4:hex</ExtraInfo>
    <Comment />
    <CheckWords />
    <SearchAddresses>a000-bfff,c000-dfff</SearchAddresses>
    <Searchfor>a5a5:a4:Y</Searchfor>
  </SegmentConfig>
</ArrayOfSegmentConfig>