<?xml version="1.0"?>
<ArrayOfSegmentConfig xmlns:xsi="http://www.w3.org/2001/XMLSchema-instance" xmlns:xsd="http://www.w3.org/2001/XMLSchema">
  <SegmentConfig>
    <Name>Boot Block</Name>
    <Version>1</Version>
    <Addresses>@fda5</Addresses>
    <SwapAddress>@fda5</SwapAddress>
    <CS1Address>#fda0:2:hex</CS1Address>
    <CS2Address>#fd80:2:hex</CS2Address>
    <Checksum1Method>crc16</Checksum1Method>
    <Checksum2Method>Wordsum</Checksum2Method>
    <CS1Blocks>@fdad*3</CS1Blocks>
    <CS2Blocks>@fdc5*2</CS2Blocks>
    <CS1Complement>0</CS1Complement>
    <CS2Complement>2</CS2Complement>
    <CS1SwapBytes>true</CS1SwapBytes>
    <CS2SwapBytes>false</CS2SwapBytes>
    <CVN>0</CVN>
    <Eeprom>false</Eeprom>
    <PNAddr>#fd85:4:int</PNAddr>
    <VerAddr>#fd89:2:text</VerAddr>
    <SegNrAddr>#fd83:1:int</SegNrAddr>
    <ExtraInfo />
    <Comment />
    <CheckWords />
    <Hidden>false</Hidden>
    <Missing>false</Missing>
    <CS1Method>1</CS1Method>
    <CS2Method>4</CS2Method>
  </SegmentConfig>
  <SegmentConfig>
    <Name>OS</Name>
    <Version>1</Version>
    <Addresses>@20036*2</Addresses>
    <SwapAddress>@20036*2</SwapAddress>
    <CS1Address>#30:2:hex</CS1Address>
    <CS2Address>#10:2:hex</CS2Address>
    <Checksum1Method>crc16</Checksum1Method>
    <Checksum2Method>Wordsum</Checksum2Method>
    <CS1Blocks>@20046*4</CS1Blocks>
    <CS2Blocks>@20066*3</CS2Blocks>
    <CS1Complement>0</CS1Complement>
    <CS2Complement>2</CS2Complement>
    <CS1SwapBytes>true</CS1SwapBytes>
    <CS2SwapBytes>false</CS2SwapBytes>
    <CVN>1</CVN>
    <Eeprom>false</Eeprom>
    <PNAddr>#15:4:int</PNAddr>
    <VerAddr>#19:2:text</VerAddr>
    <SegNrAddr>#13:1:int</SegNrAddr>
    <ExtraInfo />
    <Comment />
    <CheckWords />
    <Hidden>false</Hidden>
    <Missing>false</Missing>
    <CS1Method>1</CS1Method>
    <CS2Method>4</CS2Method>
  </SegmentConfig>
  <SegmentConfig>
    <Name>SYSSPD ext</Name>
    <Version />
    <Addresses />
    <SwapAddress />
    <CS1Address>seek:cs2:4</CS1Address>
    <CS2Address>seek:cs3:4</CS2Address>
    <Checksum1Method>Wordsum</Checksum1Method>
    <Checksum2Method>Wordsum</Checksum2Method>
    <CS1Blocks>seek:start2-seek:end2</CS1Blocks>
    <CS2Blocks>seek:start3-seek:end3</CS2Blocks>
    <CS1Complement>2</CS1Complement>
    <CS2Complement>2</CS2Complement>
    <CS1SwapBytes>false</CS1SwapBytes>
    <CS2SwapBytes>false</CS2SwapBytes>
    <CVN>0</CVN>
    <Eeprom>false</Eeprom>
    <PNAddr />
    <VerAddr />
    <SegNrAddr />
    <ExtraInfo />
    <Comment />
    <CheckWords />
    <Hidden>true</Hidden>
    <Missing>false</Missing>
    <CS1Method>4</CS1Method>
    <CS2Method>4</CS2Method>
  </SegmentConfig>
  <SegmentConfig>
    <Name>System</Name>
    <Version />
    <Addresses>@20082</Addresses>
    <SwapAddress>@20082</SwapAddress>
    <CS1Address>#20:2:hex</CS1Address>
    <CS2Address>#0:2:hex</CS2Address>
    <Checksum1Method>crc16</Checksum1Method>
    <Checksum2Method>Wordsum</Checksum2Method>
    <CS1Blocks>@2008a*2</CS1Blocks>
    <CS2Blocks>@2009a</CS2Blocks>
    <CS1Complement>0</CS1Complement>
    <CS2Complement>2</CS2Complement>
    <CS1SwapBytes>true</CS1SwapBytes>
    <CS2SwapBytes>false</CS2SwapBytes>
    <CVN>1</CVN>
    <Eeprom>false</Eeprom>
    <PNAddr>#5:4:int</PNAddr>
    <VerAddr>#9:2:text</VerAddr>
    <SegNrAddr>#3:1:int</SegNrAddr>
    <ExtraInfo />
    <Comment />
    <CheckWords />
    <Hidden>false</Hidden>
    <Missing>false</Missing>
    <CS1Method>1</CS1Method>
    <CS2Method>4</CS2Method>
  </SegmentConfig>
  <SegmentConfig>
    <Name>Fuel</Name>
    <Version />
    <Addresses>@200a6</Addresses>
    <SwapAddress>@200a6</SwapAddress>
    <CS1Address>#20:2:hex</CS1Address>
    <CS2Address>#0:2:hex</CS2Address>
    <Checksum1Method>crc16</Checksum1Method>
    <Checksum2Method>Wordsum</Checksum2Method>
    <CS1Blocks>@200ae*2</CS1Blocks>
    <CS2Blocks>@200be</CS2Blocks>
    <CS1Complement>0</CS1Complement>
    <CS2Complement>2</CS2Complement>
    <CS1SwapBytes>true</CS1SwapBytes>
    <CS2SwapBytes>false</CS2SwapBytes>
    <CVN>1</CVN>
    <Eeprom>false</Eeprom>
    <PNAddr>#5:4:int</PNAddr>
    <VerAddr>#9:2:text</VerAddr>
    <SegNrAddr>#3:1:int</SegNrAddr>
    <ExtraInfo />
    <Comment />
    <CheckWords />
    <Hidden>false</Hidden>
    <Missing>false</Missing>
    <CS1Method>1</CS1Method>
    <CS2Method>4</CS2Method>
  </SegmentConfig>
  <SegmentConfig>
    <Name>Speedo</Name>
    <Version />
    <Addresses>@200ca</Addresses>
    <SwapAddress>@200ca</SwapAddress>
    <CS1Address>#20:2:hex</CS1Address>
    <CS2Address>#0:2:hex</CS2Address>
    <Checksum1Method>crc16</Checksum1Method>
    <Checksum2Method>Wordsum</Checksum2Method>
    <CS1Blocks>@200d2*2</CS1Blocks>
    <CS2Blocks>@200e2</CS2Blocks>
    <CS1Complement>0</CS1Complement>
    <CS2Complement>2</CS2Complement>
    <CS1SwapBytes>true</CS1SwapBytes>
    <CS2SwapBytes>false</CS2SwapBytes>
    <CVN>1</CVN>
    <Eeprom>false</Eeprom>
    <PNAddr>#5:4:int</PNAddr>
    <VerAddr>#9:2:text</VerAddr>
    <SegNrAddr>#3:1:int</SegNrAddr>
    <ExtraInfo />
    <Comment />
    <CheckWords />
    <Hidden>false</Hidden>
    <Missing>false</Missing>
    <CS1Method>1</CS1Method>
    <CS2Method>4</CS2Method>
  </SegmentConfig>
  <SegmentConfig>
    <Name>EngineDiag</Name>
    <Version />
    <Addresses>@200ee</Addresses>
    <SwapAddress>@200ee</SwapAddress>
    <CS1Address>#20:2:hex</CS1Address>
    <CS2Address>#0:2:hex</CS2Address>
    <Checksum1Method>crc16</Checksum1Method>
    <Checksum2Method>Wordsum</Checksum2Method>
    <CS1Blocks>@200f6*2</CS1Blocks>
    <CS2Blocks>@20106</CS2Blocks>
    <CS1Complement>0</CS1Complement>
    <CS2Complement>2</CS2Complement>
    <CS1SwapBytes>true</CS1SwapBytes>
    <CS2SwapBytes>false</CS2SwapBytes>
    <CVN>1</CVN>
    <Eeprom>false</Eeprom>
    <PNAddr>#5:4:int</PNAddr>
    <VerAddr>#9:2:text</VerAddr>
    <SegNrAddr>#3:1:int</SegNrAddr>
    <ExtraInfo />
    <Comment />
    <CheckWords />
    <Hidden>false</Hidden>
    <Missing>false</Missing>
    <CS1Method>1</CS1Method>
    <CS2Method>4</CS2Method>
  </SegmentConfig>
  <SegmentConfig>
    <Name>ENG extra 1</Name>
    <Version />
    <Addresses />
    <SwapAddress />
    <CS1Address>seek:cs1:4:hex</CS1Address>
    <CS2Address />
    <Checksum1Method>Wordsum</Checksum1Method>
    <Checksum2Method>None</Checksum2Method>
    <CS1Blocks>seek:start1-seek:end1</CS1Blocks>
    <CS2Blocks />
    <CS1Complement>2</CS1Complement>
    <CS2Complement>0</CS2Complement>
    <CS1SwapBytes>false</CS1SwapBytes>
    <CS2SwapBytes>false</CS2SwapBytes>
    <CVN>0</CVN>
    <Eeprom>false</Eeprom>
    <PNAddr />
    <VerAddr />
    <SegNrAddr />
    <ExtraInfo />
    <Comment />
    <CheckWords />
    <Hidden>true</Hidden>
    <Missing>false</Missing>
    <CS1Method>4</CS1Method>
    <CS2Method>0</CS2Method>
  </SegmentConfig>
  <SegmentConfig>
    <Name>Engine</Name>
    <Version />
    <Addresses>@20112</Addresses>
    <SwapAddress>@20112</SwapAddress>
    <CS1Address>#20:2:hex</CS1Address>
    <CS2Address>#0:2:hex</CS2Address>
    <Checksum1Method>crc16</Checksum1Method>
    <Checksum2Method>Wordsum</Checksum2Method>
    <CS1Blocks>@2011a*2</CS1Blocks>
    <CS2Blocks>@2012a</CS2Blocks>
    <CS1Complement>0</CS1Complement>
    <CS2Complement>2</CS2Complement>
    <CS1SwapBytes>true</CS1SwapBytes>
    <CS2SwapBytes>false</CS2SwapBytes>
    <CVN>1</CVN>
    <Eeprom>false</Eeprom>
    <PNAddr>#5:4:int</PNAddr>
    <VerAddr>#9:2:text</VerAddr>
    <SegNrAddr>#3:1:int</SegNrAddr>
    <ExtraInfo />
    <Comment />
    <CheckWords />
    <Hidden>false</Hidden>
    <Missing>false</Missing>
    <CS1Method>1</CS1Method>
    <CS2Method>4</CS2Method>
  </SegmentConfig>
</ArrayOfSegmentConfig>