<?xml version="1.0"?>
<ArrayOfSegmentConfig xmlns:xsi="http://www.w3.org/2001/XMLSchema-instance" xmlns:xsd="http://www.w3.org/2001/XMLSchema">
  <SegmentConfig>
    <Name>OS</Name>
    <Version>1</Version>
    <Addresses>0-FFFF,20000-0@</Addresses>
    <SwapAddress />
    <CS1Address />
    <CS2Address />
    <CS1Method>0</CS1Method>
    <CS2Method>0</CS2Method>
    <CS1Blocks />
    <CS2Blocks />
    <CS1Complement>0</CS1Complement>
    <CS2Complement>0</CS2Complement>
    <CS1SwapBytes>false</CS1SwapBytes>
    <CS2SwapBytes>false</CS2SwapBytes>
    <CVN>0</CVN>
    <Eeprom>false</Eeprom>
    <PNAddr>seek:os:11:text</PNAddr>
    <VerAddr />
    <SegNrAddr>seek:version:4:text</SegNrAddr>
    <ExtraInfo>seek:engine:25:text,seek:ecm:41:text</ExtraInfo>
    <Comment />
    <CheckWords />
    <Hidden>false</Hidden>
    <Missing>false</Missing>
  </SegmentConfig>
  <SegmentConfig>
    <Name>Cal data</Name>
    <Addresses>10000-1FFFF</Addresses>
    <SwapAddress />
    <CS1Address />
    <CS2Address />
    <CS1Method>0</CS1Method>
    <CS2Method>0</CS2Method>
    <CS1Blocks />
    <CS2Blocks />
    <CS1Complement>0</CS1Complement>
    <CS2Complement>0</CS2Complement>
    <CS1SwapBytes>false</CS1SwapBytes>
    <CS2SwapBytes>false</CS2SwapBytes>
    <CVN>0</CVN>
    <Eeprom>false</Eeprom>
    <PNAddr />
    <VerAddr />
    <SegNrAddr />
    <ExtraInfo />
    <Comment />
    <CheckWords />
    <Hidden>false</Hidden>
    <Missing>false</Missing>
  </SegmentConfig>
</ArrayOfSegmentConfig>