<?xml version="1.0"?>
<ArrayOfSegmentConfig xmlns:xsi="http://www.w3.org/2001/XMLSchema-instance" xmlns:xsd="http://www.w3.org/2001/XMLSchema">
  <SegmentConfig>
    <Name>OS</Name>
    <Version>1</Version>
    <Addresses>0-0@</Addresses>
    <SwapAddress />
    <CS1Address>51a:2:hex</CS1Address>
    <CS2Address>500:2:hex</CS2Address>
    <Checksum1Method>crc16</Checksum1Method>
    <Checksum2Method>Wordsum</Checksum2Method>
    <CS1Blocks>0-1ff,224-4ff,502-0@</CS1Blocks>
    <CS2Blocks>0-1ff,224-4ff,500-0@</CS2Blocks>
    <CS1Complement>0</CS1Complement>
    <CS2Complement>2</CS2Complement>
    <CS1SwapBytes>true</CS1SwapBytes>
    <CS2SwapBytes>false</CS2SwapBytes>
    <CVN>1</CVN>
    <Eeprom>false</Eeprom>
    <PNAddr>504:4:int</PNAddr>
    <VerAddr>508:2:text</VerAddr>
    <SegNrAddr>502:2:int</SegNrAddr>
    <ExtraInfo />
    <Comment />
    <CheckWords />
    <Hidden>false</Hidden>
    <Missing>false</Missing>
    <CS1Method>1</CS1Method>
    <CS2Method>4</CS2Method>
  </SegmentConfig>
</ArrayOfSegmentConfig>