<?xml version="1.0"?>
<ArrayOfIdName xmlns:xsi="http://www.w3.org/2001/XMLSchema-instance" xmlns:xsd="http://www.w3.org/2001/XMLSchema">
  <IdName>
    <ID>16</ID>
    <Name>[10] PCM</Name>
  </IdName>
  <IdName>
    <ID>5</ID>
    <Name>[5] Info display Mod</Name>
  </IdName>
  <IdName>
    <ID>12</ID>
    <Name>[0C] B195A Nitrogen Oxides Sen 1</Name>
  </IdName>
  <IdName>
    <ID>13</ID>
    <Name>[0D] B195B Nitrogen Oxides Sen 2</Name>
  </IdName>
  <IdName>
    <ID>14</ID>
    <Name>[0E] B136 Exh Particulate Matter Sen</Name>
  </IdName>
  <IdName>
    <ID>15</ID>
    <Name>[0F] M103 Turbo Vane Pos Act</Name>
  </IdName>
  <IdName>
    <ID>17</ID>
    <Name>[11] ECM</Name>
  </IdName>
  <IdName>
    <ID>19</ID>
    <Name>[13] FPCM/Chassis</Name>
  </IdName>
  <IdName>
    <ID>20</ID>
    <Name>[14] Reductant Cont Mod</Name>
  </IdName>
  <IdName>
    <ID>21</ID>
    <Name>[15] Fuel Pump Driver Mod</Name>
  </IdName>
  <IdName>
    <ID>22</ID>
    <Name>[16] GPCM</Name>
  </IdName>
  <IdName>
    <ID>23</ID>
    <Name>[17] Hybrid PIM</Name>
  </IdName>
  <IdName>
    <ID>24</ID>
    <Name>[18] TCM</Name>
  </IdName>
  <IdName>
    <ID>25</ID>
    <Name>[19] Pwr Take off</Name>
  </IdName>
  <IdName>
    <ID>26</ID>
    <Name>[1A] TCCM</Name>
  </IdName>
  <IdName>
    <ID>27</ID>
    <Name>[1B] Rear Diff Clutch Cont Mod K16</Name>
  </IdName>
  <IdName>
    <ID>28</ID>
    <Name>[1C] Trans Range Cont Mod</Name>
  </IdName>
  <IdName>
    <ID>29</ID>
    <Name>[1D] Generator Cont/Pwr Inverter/Drive</Name>
  </IdName>
  <IdName>
    <ID>30</ID>
    <Name>[1E] Pwr Inverter/Drive Motor Cont Mod</Name>
  </IdName>
  <IdName>
    <ID>31</ID>
    <Name>[1F] Auxiliary Trans Fluid Pump</Name>
  </IdName>
  <IdName>
    <ID>33</ID>
    <Name>[21] Adaptive Cruise</Name>
  </IdName>
  <IdName>
    <ID>34</ID>
    <Name>[22] Chassis Cont Mod</Name>
  </IdName>
  <IdName>
    <ID>36</ID>
    <Name>[24] VCIM</Name>
  </IdName>
  <IdName>
    <ID>37</ID>
    <Name>[25] Aux Chassis</Name>
  </IdName>
  <IdName>
    <ID>40</ID>
    <Name>[28] EBCM</Name>
  </IdName>
  <IdName>
    <ID>41</ID>
    <Name>[29] Adaptive Cruise</Name>
  </IdName>
  <IdName>
    <ID>42</ID>
    <Name>[2A] Electronic Brake Cont Mod</Name>
  </IdName>
  <IdName>
    <ID>43</ID>
    <Name>[2B] Parking Brake Cont Mod</Name>
  </IdName>
  <IdName>
    <ID>44</ID>
    <Name>[2C] Multi -axis Acceleration Sen Mod</Name>
  </IdName>
  <IdName>
    <ID>45</ID>
    <Name>[2D] Trailer Brake Cont Mod</Name>
  </IdName>
  <IdName>
    <ID>48</ID>
    <Name>[30] PSCM</Name>
  </IdName>
  <IdName>
    <ID>49</ID>
    <Name>[31] PSCM</Name>
  </IdName>
  <IdName>
    <ID>50</ID>
    <Name>[32] Rear steering</Name>
  </IdName>
  <IdName>
    <ID>52</ID>
    <Name>[34] Steering wheel angle</Name>
  </IdName>
  <IdName>
    <ID>55</ID>
    <Name>[37] RDCM</Name>
  </IdName>
  <IdName>
    <ID>56</ID>
    <Name>[38] Susp Cont Mod</Name>
  </IdName>
  <IdName>
    <ID>57</ID>
    <Name>[39] Susp Cont</Name>
  </IdName>
  <IdName>
    <ID>58</ID>
    <Name>[3A] Vehicle Level Cont Mod</Name>
  </IdName>
  <IdName>
    <ID>59</ID>
    <Name>[3B] Air Susp Cont Mod</Name>
  </IdName>
  <IdName>
    <ID>64</ID>
    <Name>[40] BCM</Name>
  </IdName>
  <IdName>
    <ID>67</ID>
    <Name>[43] Aux BCM</Name>
  </IdName>
  <IdName>
    <ID>68</ID>
    <Name>[44] BECM</Name>
  </IdName>
  <IdName>
    <ID>69</ID>
    <Name>[45] SDGM</Name>
  </IdName>
  <IdName>
    <ID>88</ID>
    <Name>[58] SDM</Name>
  </IdName>
  <IdName>
    <ID>89</ID>
    <Name>[59] PPS</Name>
  </IdName>
  <IdName>
    <ID>90</ID>
    <Name>[5A] Rollover Sen Mod</Name>
  </IdName>
  <IdName>
    <ID>91</ID>
    <Name>[5B] Side Object Sen Mod-Right</Name>
  </IdName>
  <IdName>
    <ID>92</ID>
    <Name>[5C] Seat Belt Retractor Motor Mod -Left</Name>
  </IdName>
  <IdName>
    <ID>93</ID>
    <Name>[5D] Pedestrian Impact Detect Mod</Name>
  </IdName>
  <IdName>
    <ID>94</ID>
    <Name>[5E] Seat Belt Retractor Motor Mod-Right</Name>
  </IdName>
  <IdName>
    <ID>96</ID>
    <Name>[60] IPC</Name>
  </IdName>
  <IdName>
    <ID>97</ID>
    <Name>[61] Info Display Mod</Name>
  </IdName>
  <IdName>
    <ID>98</ID>
    <Name>[62] Heads up Display</Name>
  </IdName>
  <IdName>
    <ID>100</ID>
    <Name>[64] Rearview Camera</Name>
  </IdName>
  <IdName>
    <ID>101</ID>
    <Name>[65] Night Vision</Name>
  </IdName>
  <IdName>
    <ID>102</ID>
    <Name>[66] Radio/Hvac Conts</Name>
  </IdName>
  <IdName>
    <ID>104</ID>
    <Name>[68] HVAC Conts</Name>
  </IdName>
  <IdName>
    <ID>105</ID>
    <Name>[69] Data recorder</Name>
  </IdName>
  <IdName>
    <ID>109</ID>
    <Name>[6D] k157 Video Processing Cont Mod</Name>
  </IdName>
  <IdName>
    <ID>111</ID>
    <Name>[6F] Chime Alarm Cont Mod</Name>
  </IdName>
  <IdName>
    <ID>114</ID>
    <Name>[72] Headlamp Cont Mod</Name>
  </IdName>
  <IdName>
    <ID>115</ID>
    <Name>[73] Headlamp H Beam Cont Mod</Name>
  </IdName>
  <IdName>
    <ID>116</ID>
    <Name>[74] Headlamp Cont Mod</Name>
  </IdName>
  <IdName>
    <ID>117</ID>
    <Name>[75] Trailer Interface Cont Mod</Name>
  </IdName>
  <IdName>
    <ID>128</ID>
    <Name>[80] Radio</Name>
  </IdName>
  <IdName>
    <ID>129</ID>
    <Name>[81] Amplifier</Name>
  </IdName>
  <IdName>
    <ID>133</ID>
    <Name>[85] Rear Audio Cont Mod</Name>
  </IdName>
  <IdName>
    <ID>137</ID>
    <Name>[89] XM Mod</Name>
  </IdName>
  <IdName>
    <ID>141</ID>
    <Name>[8D] Infotainment Cont</Name>
  </IdName>
  <IdName>
    <ID>142</ID>
    <Name>[8E] Multimedia Player Interface Mod</Name>
  </IdName>
  <IdName>
    <ID>143</ID>
    <Name>[8F] Human Machine Interface Mod</Name>
  </IdName>
  <IdName>
    <ID>149</ID>
    <Name>[95] memory seat interface Mod</Name>
  </IdName>
  <IdName>
    <ID>151</ID>
    <Name>[97] VCIM</Name>
  </IdName>
  <IdName>
    <ID>153</ID>
    <Name>[99] HVAC Cont Mod</Name>
  </IdName>
  <IdName>
    <ID>154</ID>
    <Name>[9A] Info Display Mod</Name>
  </IdName>
  <IdName>
    <ID>155</ID>
    <Name>[9B] Auxiliary Heater Cont Mod</Name>
  </IdName>
  <IdName>
    <ID>156</ID>
    <Name>[9C] Electric A/C Compressor Cont Mod</Name>
  </IdName>
  <IdName>
    <ID>157</ID>
    <Name>[9D] Coolant Heater Cont Mod</Name>
  </IdName>
  <IdName>
    <ID>159</ID>
    <Name>[9F] Parking Heater Cont Mod</Name>
  </IdName>
  <IdName>
    <ID>160</ID>
    <Name>[A0] Driver Door Switch Panel Cont Mod</Name>
  </IdName>
  <IdName>
    <ID>161</ID>
    <Name>[A1] Pass Door Switch Panel Cont Mod</Name>
  </IdName>
  <IdName>
    <ID>162</ID>
    <Name>[A2] Door Cont Mod -Left Rear</Name>
  </IdName>
  <IdName>
    <ID>163</ID>
    <Name>[A3] Door Cont Mod -Right Rear</Name>
  </IdName>
  <IdName>
    <ID>164</ID>
    <Name>[A4] Liftgate Cont Mod</Name>
  </IdName>
  <IdName>
    <ID>165</ID>
    <Name>[A5] Liftgate Cont Mod</Name>
  </IdName>
  <IdName>
    <ID>166</ID>
    <Name>[A6] Seat Mem Cont Mod</Name>
  </IdName>
  <IdName>
    <ID>167</ID>
    <Name>[A7] Rear Seat Cont Mod</Name>
  </IdName>
  <IdName>
    <ID>168</ID>
    <Name>[A8] Seat Mem Cont Mod(Driver)</Name>
  </IdName>
  <IdName>
    <ID>169</ID>
    <Name>[A9] Front Seat Heating Cont Mod</Name>
  </IdName>
  <IdName>
    <ID>170</ID>
    <Name>[AA] Seat Mem Cont Mod(Pass/Rear)</Name>
  </IdName>
  <IdName>
    <ID>171</ID>
    <Name>[AB] Pwr Sliding Door Cont Mod</Name>
  </IdName>
  <IdName>
    <ID>172</ID>
    <Name>[AC] Pwr Sliding Door Cont Mod</Name>
  </IdName>
  <IdName>
    <ID>173</ID>
    <Name>[AD] Folding Top Cont Mod</Name>
  </IdName>
  <IdName>
    <ID>174</ID>
    <Name>[AE] Driver Seat Mem Cont Mod</Name>
  </IdName>
  <IdName>
    <ID>175</ID>
    <Name>[AF] Keyless Entry Cont Mod</Name>
  </IdName>
  <IdName>
    <ID>176</ID>
    <Name>[B0] Remote Cont Door Lock Receiver</Name>
  </IdName>
  <IdName>
    <ID>177</ID>
    <Name>[B1] Folding Top Cont Mod</Name>
  </IdName>
  <IdName>
    <ID>178</ID>
    <Name>[B2] Assist Step Contler</Name>
  </IdName>
  <IdName>
    <ID>184</ID>
    <Name>[B8] Sunroof Cont Mod</Name>
  </IdName>
  <IdName>
    <ID>185</ID>
    <Name>[B9] Left Side Object Detect Cont Mod</Name>
  </IdName>
  <IdName>
    <ID>186</ID>
    <Name>[BA] Right Side Object Detect Cont Mod</Name>
  </IdName>
  <IdName>
    <ID>187</ID>
    <Name>[BB] Parking Assist Cont Mod</Name>
  </IdName>
  <IdName>
    <ID>188</ID>
    <Name>[BC] Frontview Camera Mod</Name>
  </IdName>
  <IdName>
    <ID>189</ID>
    <Name>[BD] Inside Rearview Mirror</Name>
  </IdName>
  <IdName>
    <ID>192</ID>
    <Name>[C0] Immo/Theft Deterrent Mod</Name>
  </IdName>
  <IdName>
    <ID>193</ID>
    <Name>[C1] Keyless Entry Cont Mod</Name>
  </IdName>
  <IdName>
    <ID>194</ID>
    <Name>[C2] Steering Column Lock Cont Mod</Name>
  </IdName>
  <IdName>
    <ID>200</ID>
    <Name>[C8] DC Charging Cont Mod</Name>
  </IdName>
  <IdName>
    <ID>202</ID>
    <Name>[CA] Batt Charger Cont Mod</Name>
  </IdName>
  <IdName>
    <ID>203</ID>
    <Name>[CB] Hybrid Pwrtrain Cont Mod 2</Name>
  </IdName>
  <IdName>
    <ID>204</ID>
    <Name>[CC] 14V Pwr Mod</Name>
  </IdName>
  <IdName>
    <ID>205</ID>
    <Name>[CD] Batt Energy Cont Mod</Name>
  </IdName>
  <IdName>
    <ID>206</ID>
    <Name>[CE] Hybrid/ EV Pwrtrain Cont Mod</Name>
  </IdName>
  <IdName>
    <ID>207</ID>
    <Name>[CF] T6 Pwr Inverter Mod</Name>
  </IdName>
  <IdName>
    <ID>209</ID>
    <Name>[D1] Frontview Camera Mod</Name>
  </IdName>
  <IdName>
    <ID>210</ID>
    <Name>[D2] Long Range Radar Sen Mod</Name>
  </IdName>
  <IdName>
    <ID>211</ID>
    <Name>[D3] Radar Sen Mod -Short Range</Name>
  </IdName>
  <IdName>
    <ID>212</ID>
    <Name>[D4] Front Object Sen -Left Middle</Name>
  </IdName>
  <IdName>
    <ID>213</ID>
    <Name>[D5] Front Object Sen -Right Middle</Name>
  </IdName>
  <IdName>
    <ID>214</ID>
    <Name>[D6] Right Front Short Range Radar Sen Cont</Name>
  </IdName>
  <IdName>
    <ID>215</ID>
    <Name>[D7] Rear Short Range Radar Sen Mod</Name>
  </IdName>
  <IdName>
    <ID>216</ID>
    <Name>[D8] Radar Sen Mod -Short Range</Name>
  </IdName>
  <IdName>
    <ID>217</ID>
    <Name>[D9] Rear Object Sen -Right Middle</Name>
  </IdName>
  <IdName>
    <ID>218</ID>
    <Name>[DA] Right Rear Short Range Radar Sen Mod</Name>
  </IdName>
  <IdName>
    <ID>241</ID>
    <Name>[F1] Ext Tool</Name>
  </IdName>
</ArrayOfIdName>