<?xml version="1.0"?>
<ArrayOfSegmentSeek xmlns:xsi="http://www.w3.org/2001/XMLSchema-instance" xmlns:xsd="http://www.w3.org/2001/XMLSchema">
  <SegmentSeek>
    <Name>cs1</Name>
    <SearchStr>70 60 @ @ 50 63 @ @ 00 04 70 60 * * 50 63 * * 00 04 70 60 * * 50 63 * *</SearchStr>
    <Offset>-3758096384</Offset>
    <ConditionalOffset>false</ConditionalOffset>
    <SignedOffset>true</SignedOffset>
    <UseHit>1</UseHit>
    <Range />
    <Segments />
    <ValidationSearchStr />
    <Description />
    <MSB>true</MSB>
  </SegmentSeek>
  <SegmentSeek>
    <Name>cs2</Name>
    <SearchStr>70 60 * * 50 63 * * 00 04 70 60 @ @ 50 63 @ @ 00 04 70 60 * * 50 63 * *</SearchStr>
    <Offset>-3758096384</Offset>
    <ConditionalOffset>false</ConditionalOffset>
    <SignedOffset>true</SignedOffset>
    <UseHit>1</UseHit>
    <Range />
    <Segments />
    <ValidationSearchStr />
    <Description />
    <MSB>true</MSB>
  </SegmentSeek>
  <SegmentSeek>
    <Name>cs3</Name>
    <SearchStr>70 60 * * 50 63 * * 00 04 70 60 * * 50 63 * * 00 04 70 60 @ @ 50 63 @ @</SearchStr>
    <Offset>-3758096384</Offset>
    <ConditionalOffset>false</ConditionalOffset>
    <SignedOffset>true</SignedOffset>
    <UseHit>1</UseHit>
    <Range />
    <Segments />
    <ValidationSearchStr />
    <Description />
    <MSB>true</MSB>
  </SegmentSeek>
  <SegmentSeek>
    <Name>start1</Name>
    <SearchStr>07 E8 0B 70 60 @ @ 1C 63 @ @ 00 04 70 60 * * 1C 63 * * 00 04 70 60 * * 1C 63 * *</SearchStr>
    <Offset>-3758096384</Offset>
    <ConditionalOffset>false</ConditionalOffset>
    <SignedOffset>true</SignedOffset>
    <UseHit>1</UseHit>
    <Range />
    <Segments />
    <ValidationSearchStr />
    <Description />
    <MSB>true</MSB>
  </SegmentSeek>
  <SegmentSeek>
    <Name>start2</Name>
    <SearchStr>07 E8 0B 70 60 * * 1C 63 * * 00 04 70 60 @ @ 1C 63 @ @ 00 04 70 60 * * 1C 63 * *</SearchStr>
    <Offset>-3758096384</Offset>
    <ConditionalOffset>false</ConditionalOffset>
    <SignedOffset>true</SignedOffset>
    <UseHit>1</UseHit>
    <Range />
    <Segments />
    <ValidationSearchStr />
    <Description />
    <MSB>true</MSB>
  </SegmentSeek>
  <SegmentSeek>
    <Name>start3</Name>
    <SearchStr>07 E8 0B 70 60 * * 1C 63 * * 00 04 70 60 * * 1C 63 * * 00 04 70 60 @ @ 1C 63 @ @</SearchStr>
    <Offset>-3758096384</Offset>
    <ConditionalOffset>false</ConditionalOffset>
    <SignedOffset>true</SignedOffset>
    <UseHit>1</UseHit>
    <Range />
    <Segments />
    <ValidationSearchStr />
    <Description />
    <MSB>true</MSB>
  </SegmentSeek>
  <SegmentSeek>
    <Name>end1</Name>
    <SearchStr>70 60 @ @ 50 63 @ @ 00 04 70 60 * * 50 63 * * 00 04 70 60 * * 50 63 * *</SearchStr>
    <Offset>-3758096385</Offset>
    <ConditionalOffset>false</ConditionalOffset>
    <SignedOffset>true</SignedOffset>
    <UseHit>1</UseHit>
    <Range />
    <Segments />
    <ValidationSearchStr />
    <Description />
    <MSB>true</MSB>
  </SegmentSeek>
  <SegmentSeek>
    <Name>end2</Name>
    <SearchStr>70 60 * * 50 63 * * 00 04 70 60 @ @ 50 63 @ @ 00 04 70 60 * * 50 63 * *</SearchStr>
    <Offset>-3758096385</Offset>
    <ConditionalOffset>false</ConditionalOffset>
    <SignedOffset>true</SignedOffset>
    <UseHit>1</UseHit>
    <Range />
    <Segments />
    <ValidationSearchStr />
    <Description />
    <MSB>true</MSB>
  </SegmentSeek>
  <SegmentSeek>
    <Name>end3</Name>
    <SearchStr>70 60 * * 50 63 * * 00 04 70 60 * * 50 63 * * 00 04 70 60 @ @ 50 63 @ @</SearchStr>
    <Offset>-3758096385</Offset>
    <ConditionalOffset>false</ConditionalOffset>
    <SignedOffset>true</SignedOffset>
    <UseHit>1</UseHit>
    <Range />
    <Segments />
    <ValidationSearchStr />
    <Description />
    <MSB>true</MSB>
  </SegmentSeek>
</ArrayOfSegmentSeek>