<?xml version="1.0"?>
<ArrayOfSegmentConfig xmlns:xsi="http://www.w3.org/2001/XMLSchema-instance" xmlns:xsd="http://www.w3.org/2001/XMLSchema">
  <SegmentConfig>
    <Name>BootBlock</Name>
    <Version>3</Version>
    <Addresses>@3013D</Addresses>
    <SwapAddress>@3013D</SwapAddress>
    <CS1Address>#10020:2:hex</CS1Address>
    <CS2Address>#10000:2:hex</CS2Address>
    <Checksum1Method>crc16</Checksum1Method>
    <Checksum2Method>Wordsum</Checksum2Method>
    <CS1Blocks>@30145*3</CS1Blocks>
    <CS2Blocks>@3015d*2</CS2Blocks>
    <CS1Complement>0</CS1Complement>
    <CS2Complement>2</CS2Complement>
    <CS1SwapBytes>true</CS1SwapBytes>
    <CS2SwapBytes>false</CS2SwapBytes>
    <CVN>1</CVN>
    <Eeprom>false</Eeprom>
    <PNAddr>#10005:4:int</PNAddr>
    <VerAddr>#10009:2:text</VerAddr>
    <SegNrAddr>#10003:1:int</SegNrAddr>
    <ExtraInfo />
    <Comment />
    <CheckWords />
    <Hidden>false</Hidden>
    <Missing>false</Missing>
    <CS1Method>1</CS1Method>
    <CS2Method>4</CS2Method>
  </SegmentConfig>
  <SegmentConfig>
    <Name>OS</Name>
    <Version />
    <Addresses>@200036*2</Addresses>
    <SwapAddress>@200036*2</SwapAddress>
    <CS1Address>#30:2:hex</CS1Address>
    <CS2Address>#10:2:hex</CS2Address>
    <Checksum1Method>crc16</Checksum1Method>
    <Checksum2Method>Wordsum</Checksum2Method>
    <CS1Blocks>@200046*4</CS1Blocks>
    <CS2Blocks>@200066*3</CS2Blocks>
    <CS1Complement>0</CS1Complement>
    <CS2Complement>2</CS2Complement>
    <CS1SwapBytes>true</CS1SwapBytes>
    <CS2SwapBytes>false</CS2SwapBytes>
    <CVN>1</CVN>
    <Eeprom>false</Eeprom>
    <PNAddr>#15:4:int</PNAddr>
    <VerAddr>#19:2:text</VerAddr>
    <SegNrAddr>#13:1:int</SegNrAddr>
    <ExtraInfo />
    <Comment />
    <CheckWords />
    <Hidden>false</Hidden>
    <Missing>false</Missing>
    <CS1Method>1</CS1Method>
    <CS2Method>4</CS2Method>
  </SegmentConfig>
  <SegmentConfig>
    <Name>SYSSPD ext</Name>
    <Version />
    <Addresses />
    <SwapAddress />
    <CS1Address>seek:cs1:4</CS1Address>
    <CS2Address>seek:cs2:4</CS2Address>
    <Checksum1Method>Wordsum</Checksum1Method>
    <Checksum2Method>Wordsum</Checksum2Method>
    <CS1Blocks>seek:start1-seek:end1</CS1Blocks>
    <CS2Blocks>seek:start2-seek:end2</CS2Blocks>
    <CS1Complement>2</CS1Complement>
    <CS2Complement>2</CS2Complement>
    <CS1SwapBytes>false</CS1SwapBytes>
    <CS2SwapBytes>false</CS2SwapBytes>
    <CVN>0</CVN>
    <Eeprom>false</Eeprom>
    <PNAddr />
    <VerAddr />
    <SegNrAddr />
    <ExtraInfo />
    <Comment />
    <CheckWords />
    <Hidden>true</Hidden>
    <Missing>false</Missing>
    <CS1Method>4</CS1Method>
    <CS2Method>4</CS2Method>
  </SegmentConfig>
  <SegmentConfig>
    <Name>System</Name>
    <Version />
    <Addresses>@200082</Addresses>
    <SwapAddress>@200082</SwapAddress>
    <CS1Address>#20:2:hex</CS1Address>
    <CS2Address>#0:2:hex</CS2Address>
    <Checksum1Method>crc16</Checksum1Method>
    <Checksum2Method>Wordsum</Checksum2Method>
    <CS1Blocks>@20008A*2</CS1Blocks>
    <CS2Blocks>@20009A</CS2Blocks>
    <CS1Complement>0</CS1Complement>
    <CS2Complement>2</CS2Complement>
    <CS1SwapBytes>true</CS1SwapBytes>
    <CS2SwapBytes>false</CS2SwapBytes>
    <CVN>1</CVN>
    <Eeprom>false</Eeprom>
    <PNAddr>#5:4:int</PNAddr>
    <VerAddr>#9:2:text</VerAddr>
    <SegNrAddr>#3:1:int</SegNrAddr>
    <ExtraInfo />
    <Comment />
    <CheckWords />
    <Hidden>false</Hidden>
    <Missing>false</Missing>
    <CS1Method>1</CS1Method>
    <CS2Method>4</CS2Method>
  </SegmentConfig>
  <SegmentConfig>
    <Name>Fuel</Name>
    <Version />
    <Addresses>@2000A6</Addresses>
    <SwapAddress>@2000A6</SwapAddress>
    <CS1Address>#20:2:hex</CS1Address>
    <CS2Address>#0:2:hex</CS2Address>
    <Checksum1Method>crc16</Checksum1Method>
    <Checksum2Method>Wordsum</Checksum2Method>
    <CS1Blocks>@2000AE*2</CS1Blocks>
    <CS2Blocks>@2000BE</CS2Blocks>
    <CS1Complement>0</CS1Complement>
    <CS2Complement>2</CS2Complement>
    <CS1SwapBytes>true</CS1SwapBytes>
    <CS2SwapBytes>false</CS2SwapBytes>
    <CVN>1</CVN>
    <Eeprom>false</Eeprom>
    <PNAddr>#5:4:int</PNAddr>
    <VerAddr>#9:2:text</VerAddr>
    <SegNrAddr>#3:1:int</SegNrAddr>
    <ExtraInfo />
    <Comment />
    <CheckWords />
    <Hidden>false</Hidden>
    <Missing>false</Missing>
    <CS1Method>1</CS1Method>
    <CS2Method>4</CS2Method>
  </SegmentConfig>
  <SegmentConfig>
    <Name>Speedo</Name>
    <Version />
    <Addresses>@2000CA</Addresses>
    <SwapAddress>@2000CA</SwapAddress>
    <CS1Address>#20:2:hex</CS1Address>
    <CS2Address>#0:2:hex</CS2Address>
    <Checksum1Method>crc16</Checksum1Method>
    <Checksum2Method>Wordsum</Checksum2Method>
    <CS1Blocks>@2000D2*2</CS1Blocks>
    <CS2Blocks>@2000E2</CS2Blocks>
    <CS1Complement>0</CS1Complement>
    <CS2Complement>2</CS2Complement>
    <CS1SwapBytes>true</CS1SwapBytes>
    <CS2SwapBytes>false</CS2SwapBytes>
    <CVN>1</CVN>
    <Eeprom>false</Eeprom>
    <PNAddr>#5:4:int</PNAddr>
    <VerAddr>#9:2:text</VerAddr>
    <SegNrAddr>#3:1:int</SegNrAddr>
    <ExtraInfo />
    <Comment />
    <CheckWords />
    <Hidden>false</Hidden>
    <Missing>false</Missing>
    <CS1Method>1</CS1Method>
    <CS2Method>4</CS2Method>
  </SegmentConfig>
  <SegmentConfig>
    <Name>EngineDiag</Name>
    <Version />
    <Addresses>@2000EE</Addresses>
    <SwapAddress>@2000EE</SwapAddress>
    <CS1Address>#20:2:hex</CS1Address>
    <CS2Address>#0:2:hex</CS2Address>
    <Checksum1Method>crc16</Checksum1Method>
    <Checksum2Method>Wordsum</Checksum2Method>
    <CS1Blocks>@2000F6*2</CS1Blocks>
    <CS2Blocks>@200106</CS2Blocks>
    <CS1Complement>0</CS1Complement>
    <CS2Complement>2</CS2Complement>
    <CS1SwapBytes>true</CS1SwapBytes>
    <CS2SwapBytes>false</CS2SwapBytes>
    <CVN>1</CVN>
    <Eeprom>false</Eeprom>
    <PNAddr>#5:4:int</PNAddr>
    <VerAddr>#9:2:text</VerAddr>
    <SegNrAddr>#3:1:int</SegNrAddr>
    <ExtraInfo />
    <Comment />
    <CheckWords />
    <Hidden>false</Hidden>
    <Missing>false</Missing>
    <CS1Method>1</CS1Method>
    <CS2Method>4</CS2Method>
  </SegmentConfig>
  <SegmentConfig>
    <Name>ENG extra1</Name>
    <Version />
    <Addresses />
    <SwapAddress />
    <CS1Address>seek:cs3:4</CS1Address>
    <CS2Address />
    <Checksum1Method>Wordsum</Checksum1Method>
    <Checksum2Method>None</Checksum2Method>
    <CS1Blocks>seek:start3-seek:end3</CS1Blocks>
    <CS2Blocks />
    <CS1Complement>2</CS1Complement>
    <CS2Complement>0</CS2Complement>
    <CS1SwapBytes>false</CS1SwapBytes>
    <CS2SwapBytes>false</CS2SwapBytes>
    <CVN>0</CVN>
    <Eeprom>false</Eeprom>
    <PNAddr />
    <VerAddr />
    <SegNrAddr />
    <ExtraInfo />
    <Comment />
    <CheckWords />
    <Hidden>true</Hidden>
    <Missing>false</Missing>
    <CS1Method>4</CS1Method>
    <CS2Method>0</CS2Method>
  </SegmentConfig>
  <SegmentConfig>
    <Name>Engine</Name>
    <Version />
    <Addresses>@200112</Addresses>
    <SwapAddress>@200112</SwapAddress>
    <CS1Address>#20:2:hex</CS1Address>
    <CS2Address>#0:2:hex</CS2Address>
    <Checksum1Method>crc16</Checksum1Method>
    <Checksum2Method>Wordsum</Checksum2Method>
    <CS1Blocks>@20011A*2</CS1Blocks>
    <CS2Blocks>@20012A</CS2Blocks>
    <CS1Complement>0</CS1Complement>
    <CS2Complement>2</CS2Complement>
    <CS1SwapBytes>true</CS1SwapBytes>
    <CS2SwapBytes>false</CS2SwapBytes>
    <CVN>1</CVN>
    <Eeprom>false</Eeprom>
    <PNAddr>#5:4:int</PNAddr>
    <VerAddr>#9:2:text</VerAddr>
    <SegNrAddr>#3:1:int</SegNrAddr>
    <ExtraInfo />
    <Comment />
    <CheckWords />
    <Hidden>false</Hidden>
    <Missing>false</Missing>
    <CS1Method>1</CS1Method>
    <CS2Method>4</CS2Method>
  </SegmentConfig>
  <SegmentConfig>
    <Name>EEPROM_DATA</Name>
    <Version />
    <Addresses>Search</Addresses>
    <SwapAddress>0-1FFFF</SwapAddress>
    <CS1Address />
    <CS2Address />
    <Checksum1Method>None</Checksum1Method>
    <Checksum2Method>None</Checksum2Method>
    <CS1Blocks />
    <CS2Blocks />
    <CS1Complement>2</CS1Complement>
    <CS2Complement>0</CS2Complement>
    <CS1SwapBytes>false</CS1SwapBytes>
    <CS2SwapBytes>false</CS2SwapBytes>
    <CVN>0</CVN>
    <Eeprom>false</Eeprom>
    <PNAddr>#418:4:int</PNAddr>
    <VerAddr>#49c:2:text</VerAddr>
    <SegNrAddr />
    <ExtraInfo>Eeprom:#7:3:text,PCM:#414:4:text,PCM2:#41c:4:int,Tool:#3ec:10:text,VIN:#184:17:text,trace code:#404:16:text,ProgramDate:#3F8:4:hex</ExtraInfo>
    <Comment />
    <CheckWords />
    <SearchAddresses>0000-Ffff,10000-1Ffff</SearchAddresses>
    <Searchfor>a5a5:3D4:y</Searchfor>
    <Hidden>false</Hidden>
    <Missing>false</Missing>
    <CS1Method>0</CS1Method>
    <CS2Method>0</CS2Method>
  </SegmentConfig>
</ArrayOfSegmentConfig>