<?xml version="1.0"?>
<ArrayOfXdfPlugin xmlns:xsi="http://www.w3.org/2001/XMLSchema-instance" xmlns:xsd="http://www.w3.org/2001/XMLSchema">
  <XdfPlugin>
    <Platform>p01-p59</Platform>
    <Filename>GM-P01-P59-checksum-plugin.dll</Filename>
    <pluginmoduleid>a8d1fdd7-d985-4b09-9979-2735b69cc9a6</pluginmoduleid>
    <Url>https://github.com/joukoy/gm-checksum-plugins/raw/refs/heads/master/GM-P01-P59-checksum-plugin.dll</Url>
  </XdfPlugin>
  <XdfPlugin>
    <Platform>e38</Platform>
    <Filename>gm-e38-e67-checksum-plugin.dll</Filename>
    <pluginmoduleid>cbebdc26-cd53-460b-8d61-898d18dca53f</pluginmoduleid>
    <Url>https://github.com/joukoy/gm-checksum-plugins/raw/refs/heads/master/gm-e38-e67-checksum-plugin.dll</Url>
  </XdfPlugin>
  <XdfPlugin>
    <Platform>e67</Platform>
    <Filename>gm-e38-e67-checksum-plugin.dll</Filename>
    <pluginmoduleid>cbebdc26-cd53-460b-8d61-898d18dca53f</pluginmoduleid>
    <Url>https://github.com/joukoy/gm-checksum-plugins/raw/refs/heads/master/gm-e38-e67-checksum-plugin.dll</Url>
  </XdfPlugin>
  <XdfPlugin>
    <Platform>v6-1mb</Platform>
    <Filename>gm-V6-checksum-plugin.dll</Filename>
    <pluginmoduleid>7e23159d-104a-49cb-9486-7c1f5db663d9</pluginmoduleid>
    <Url>https://github.com/joukoy/gm-checksum-plugins/raw/refs/heads/master/gm-V6-checksum-plugin.dll</Url>
  </XdfPlugin>
  <XdfPlugin>
    <Platform>v6-96-97</Platform>
    <Filename>gm-V6-checksum-plugin.dll</Filename>
    <pluginmoduleid>7e23159d-104a-49cb-9486-7c1f5db663d9</pluginmoduleid>
    <Url>https://github.com/joukoy/gm-checksum-plugins/raw/refs/heads/master/gm-V6-checksum-plugin.dll</Url>
  </XdfPlugin>
  <XdfPlugin>
    <Platform>v6-98-05</Platform>
    <Filename>gm-V6-checksum-plugin.dll</Filename>
    <pluginmoduleid>7e23159d-104a-49cb-9486-7c1f5db663d9</pluginmoduleid>
    <Url>https://github.com/joukoy/gm-checksum-plugins/raw/refs/heads/master/gm-V6-checksum-plugin.dll</Url>
  </XdfPlugin>
</ArrayOfXdfPlugin>