<?xml version="1.0"?>
<ArrayOfTableSearchConfig xmlns:xsi="http://www.w3.org/2001/XMLSchema-instance" xmlns:xsd="http://www.w3.org/2001/XMLSchema">
  <TableSearchConfig>
    <searchBlocks />
    <tableBlocks />
    <searchData />
    <Items />
    <Variables />
    <Name />
    <searchRange />
    <tableRange />
  </TableSearchConfig>
  <TableSearchConfig>
    <searchBlocks />
    <tableBlocks />
    <searchData>36 01 E0 4B C6 C2 D1 C3 36 00 F8 10 05 00 F8 30 35 00 20 00 F8 00 10 43 06 41 00 80 E0 49 30 01 4E 75 </searchData>
    <Items>var1:0:b</Items>
    <Variables />
    <Name />
    <searchRange />
    <tableRange />
  </TableSearchConfig>
  <TableSearchConfig>
    <searchBlocks />
    <tableBlocks />
    <searchData>36 01 E0 4B E3 4A C6 C2 D1 C3 36 00 F8 10 05 40 F8 30 35 40 20 00 F8 00 10 83 06 81 00 00 00 80 E0 89 20 01 4E 75</searchData>
    <Items>var2:0:b</Items>
    <Variables />
    <Name />
    <searchRange />
    <tableRange />
  </TableSearchConfig>
  <TableSearchConfig>
    <searchBlocks />
    <tableBlocks />
    <searchData>36 01 E0 4B E3 4A C6 C2 D1 C3 36 00 F8 10 0D 40 F8 30 3D 40 20 00 F8 00 18 83 06 81 00 00 00 80 E0 81 20 01 4E 75</searchData>
    <Items>var3:0:b</Items>
    <Variables />
    <Name />
    <searchRange />
    <tableRange />
  </TableSearchConfig>
  <TableSearchConfig>
    <searchBlocks />
    <tableBlocks />
    <searchData>36 01 E0 4B C6 C2 D1 C3 36 00 F8 10 0D 40 F8 30 3D 40 20 00 F8 00 18 83 06 81 00 00 00 80 E0 81 20 01 4E 75 </searchData>
    <Items>var4:0:b</Items>
    <Variables />
    <Name />
    <searchRange />
    <tableRange />
  </TableSearchConfig>
  <TableSearchConfig>
    <searchBlocks />
    <tableBlocks />
    <searchData>36 01 E0 4B C6 C2 D1 C3 36 00 F8 10 05 40 F8 30 35 40 20 00 F8 00 10 83 06 81 00 00 00 80 E0 89 20 01 4E 75</searchData>
    <Items>var5:0:b</Items>
    <Variables />
    <Name />
    <searchRange />
    <tableRange />
  </TableSearchConfig>
  <TableSearchConfig>
    <searchBlocks />
    <tableBlocks />
    <searchData>74 rows:1:int 0-16 20 7C @addr:4:HEX 4E B9</searchData>
    <Items />
    <Variables />
    <Name>1</Name>
    <searchRange />
    <tableRange />
  </TableSearchConfig>
  <TableSearchConfig>
    <searchBlocks />
    <tableBlocks />
    <searchData>36 38 ram:2:HEX 0-60 24 7C @addr:4:HEX F8 12</searchData>
    <Items />
    <Variables />
    <Name>2</Name>
    <searchRange />
    <tableRange />
  </TableSearchConfig>
  <TableSearchConfig>
    <searchBlocks />
    <tableBlocks />
    <searchData>36 38 * * 0-60 24 7C @addr:4:HEX F8 12</searchData>
    <Items />
    <Variables />
    <Name>3</Name>
    <searchRange />
    <tableRange />
  </TableSearchConfig>
  <TableSearchConfig>
    <searchBlocks />
    <tableBlocks />
    <searchData>30 38 val1:2:HEX 0-60 32 38 val2:2:HEX 0-60 74 rows:1:int 20 7C @addr:4:HEX 4E B9 </searchData>
    <Items />
    <Variables />
    <Name>4</Name>
    <searchRange />
    <tableRange />
  </TableSearchConfig>
  <TableSearchConfig>
    <searchBlocks />
    <tableBlocks />
    <searchData>30 38 * * 0-60 32 38 * * 0-60 74 rows:1:int 20 7C @addr:4:HEX 4E B9</searchData>
    <Items />
    <Variables />
    <Name>5</Name>
    <searchRange />
    <tableRange />
  </TableSearchConfig>
  <TableSearchConfig>
    <searchBlocks />
    <tableBlocks />
    <searchData>30 38 val1:2:HEX 0-60 32 38 val2:2:HEX 0-60 74 rows:1:int 20 7C @addr:4:HEX 4E B9 $var2</searchData>
    <Items />
    <Variables />
    <Name>42</Name>
    <searchRange />
    <tableRange />
  </TableSearchConfig>
  <TableSearchConfig>
    <searchBlocks />
    <tableBlocks />
    <searchData>30 38 val1:2:HEX 0-60 32 38 val2:2:HEX 0-60 74 rows:1:int 20 7C @addr:4:HEX 4E B9 $var3</searchData>
    <Items />
    <Variables />
    <Name>43</Name>
    <searchRange />
    <tableRange />
  </TableSearchConfig>
  <TableSearchConfig>
    <searchBlocks />
    <tableBlocks />
    <searchData>30 38 val1:2:HEX 0-60 32 38 val2:2:HEX 0-60 74 rows:1:int 20 7C @addr:4:HEX 4E B9 $var4</searchData>
    <Items />
    <Variables />
    <Name>44</Name>
    <searchRange />
    <tableRange />
  </TableSearchConfig>
  <TableSearchConfig>
    <searchBlocks />
    <tableBlocks />
    <searchData>30 38 val1:2:HEX 0-60 32 38 val2:2:HEX 0-60 74 rows:1:int 20 7C @addr:4:HEX 4E B9 $var5</searchData>
    <Items />
    <Variables />
    <Name>45</Name>
    <searchRange />
    <tableRange />
  </TableSearchConfig>
  <TableSearchConfig>
    <searchBlocks />
    <tableBlocks />
    <searchData>30 38 val1:2:HEX 0-60 32 38 val2:2:HEX 0-60 74 rows:1:int 20 7C @addr:4:HEX 4E B9 $var1</searchData>
    <Items />
    <Variables />
    <Name>41</Name>
    <searchRange />
    <tableRange />
  </TableSearchConfig>
  <TableSearchConfig>
    <searchBlocks />
    <tableBlocks />
    <searchData>30 38 val1:2:HEX 0-60 32 38 val2:2:HEX 0-60 74 rows:1:int 20 7C @addr:4:HEX 4E B9 $var6</searchData>
    <Items />
    <Variables>var6=@4000:4</Variables>
    <Name>46</Name>
    <searchRange />
    <tableRange />
  </TableSearchConfig>
  <TableSearchConfig>
    <searchBlocks />
    <tableBlocks />
    <searchData />
    <Items />
    <Variables />
    <Name />
    <searchRange />
    <tableRange />
  </TableSearchConfig>
</ArrayOfTableSearchConfig>